{
  "code": "0000",
  "result": "SUCCESS",
  "data": [
    {
      "blogId": "3351532",
      "version": "1",
      "ossCode": "5d3a9e19b651f400c9167b7c",
      "postdate": "1571645168927",
      "record_id": "37b9803ad54b46c980fe2a8cb7f68ad8",
      "thingid": "95368",
      "thingname": "XPDN-LM14_1-700-110NYM",
      "code": "DZ-05",
      "name": "地质-坑探日常检查工作表-2019",
      "link": "/openpage/worktable/form/common/2417c825e036424e9be94867ab7a2ccd/1.0.12/4/37b9803ad54b46c980fe2a8cb7f68ad8",
      "creator": {
        "name": "张浩然",
        "deptName": "龙门西沟地质勘查科",
        "id": 1813
      },
      "updator": {
        "name": "张浩然",
        "id": 1813
      },
      "companyid": "547",
      "status": "0",
      "updatedate": "1571645168939",
      "createdate": "1571627788809",
      "businessType": "8",
      "data": {
        "64b60e9d7c9c4504aaa9331ad0233c58": {
          "type": "attachment",
          "code": "64b60e9d7c9c4504aaa9331ad0233c58",
          "formitem_group_id": "0073a55d99c14e2bae29b624fe6d2d13",
          "prepareitem_id": "207e7a88b7fa4a9d8660a048fae31fad",
          "name": "附件",
          "ui_type": "14",
          "_id": "64b60e9d7c9c4504aaa9331ad0233c58",
          "realvalue": "",
          "showvalue": "",
          "valueformat": "{\"attachment\":[\"\"]}"
        },
        "3d5f99bd400642a9b6fb807bf99acc1f": {
          "type": "item",
          "code": "3d5f99bd400642a9b6fb807bf99acc1f",
          "formitem_group_id": "95f324d5c8b9401a828725dcb4f1aa74",
          "prepareitem_id": "5c2f883474bf4451a099cbedf3dab704",
          "name": "沿脉工程是否脱脉",
          "ui_type": "04",
          "_id": "3d5f99bd400642a9b6fb807bf99acc1f",
          "realvalue": true,
          "showvalue": "是",
          "valueformat": "{\"logic\":true}"
        },
        "e84a82be078047c0875646dfd6b2bafb": {
          "type": "remark",
          "code": "e84a82be078047c0875646dfd6b2bafb",
          "formitem_group_id": "4e4beda43ad94c17807072679d6e8eeb",
          "prepareitem_id": "6e62b1aea4cb42379dc66e8fbe2878d6",
          "name": "备注",
          "ui_type": "02",
          "_id": "e84a82be078047c0875646dfd6b2bafb",
          "realvalue": "",
          "showvalue": "",
          "valueformat": "{\"value\":\"\"}"
        },
        "ebad89b53982483c9182276cfe2306c2": {
          "type": "attachment",
          "code": "ebad89b53982483c9182276cfe2306c2",
          "formitem_group_id": "fe2d96e2d91a4a3592067302110690fd",
          "prepareitem_id": "18d81c9464f648cda9354a36ce4afa88",
          "name": "附件",
          "ui_type": "14",
          "_id": "ebad89b53982483c9182276cfe2306c2",
          "realvalue": [
            {
              "size": 371061,
              "name": "1571617107031",
              "isUpload": false,
              "type": "jpg",
              "local": "/storage/emulated/0/Android/data/com.eblog/files/Pictures/luban_disk_cache/1571617107031.jpg",
              "url": "privateFile/company_547/wt_5d3a9e19b651f400c9167b7c/2019-10-21/1119ed85-1090-45fc-9f4a-8b4583cac134.jpg"
            }
          ],
          "showvalue": [
            {
              "size": 371061,
              "name": "1571617107031",
              "isUpload": false,
              "type": "jpg",
              "local": "/storage/emulated/0/Android/data/com.eblog/files/Pictures/luban_disk_cache/1571617107031.jpg",
              "url": "privateFile/company_547/wt_5d3a9e19b651f400c9167b7c/2019-10-21/1119ed85-1090-45fc-9f4a-8b4583cac134.jpg"
            }
          ],
          "valueformat": "[{\"size\":371061,\"name\":\"1571617107031\",\"isUpload\":false,\"type\":\"jpg\",\"local\":\"/storage/emulated/0/Android/data/com.eblog/files/Pictures/luban_disk_cache/1571617107031.jpg\",\"url\":\"privateFile/company_547/wt_5d3a9e19b651f400c9167b7c/2019-10-21/1119ed85-1090-45fc-9f4a-8b4583cac134.jpg\"}]"
        },
        "b2705397fdd7408d8f17b7b329b52f3f": {
          "type": "item",
          "code": "b2705397fdd7408d8f17b7b329b52f3f",
          "formitem_group_id": "0e96d7a029664afaa3d270701123bc50",
          "prepareitem_id": "578bb78ad0f44466a4e570277168da08",
          "name": "施工场地卫生是否干净整洁-四级",
          "ui_type": "04",
          "_id": "b2705397fdd7408d8f17b7b329b52f3f",
          "realvalue": true,
          "showvalue": "是",
          "valueformat": "{\"logic\":true}"
        },
        "96204da386674129849ca824a44fd59d": {
          "type": "remark",
          "code": "96204da386674129849ca824a44fd59d",
          "formitem_group_id": "711081143fe24623a568479c7e43dce0",
          "prepareitem_id": "cfba06197f4842f981eeaa49f9aa2a67",
          "name": "备注",
          "ui_type": "02",
          "_id": "96204da386674129849ca824a44fd59d",
          "realvalue": "",
          "showvalue": "",
          "valueformat": "{\"value\":\"\"}"
        },
         "81694bc46bc1444aaea2e65acf271f86": {
          "type": "attachment",
          "code": "81694bc46bc1444aaea2e65acf271f86",
          "formitem_group_id": "711081143fe24623a568479c7e43dce0",
          "prepareitem_id": "cfba06197f4842f981eeaa49f9aa2a67",
          "name": "附件",
          "ui_type": "14",
          "_id": "81694bc46bc1444aaea2e65acf271f86",
          "realvalue": "",
          "showvalue": "",
          "valueformat": "{\"attachment\":[\"\"]}"
        },
        "47e36f5693764bb090b70a5f171accc9": {
          "type": "remark",
          "code": "47e36f5693764bb090b70a5f171accc9",
          "formitem_group_id": "c6bf43618aae467da86154be9ba458f0",
          "prepareitem_id": "70e86179cd4f4f6bb2161a6e4ecf6f82",
          "name": "备注",
          "ui_type": "02",
          "_id": "47e36f5693764bb090b70a5f171accc9",
          "realvalue": "",
          "showvalue": "",
          "valueformat": "{\"value\":\"\"}"
        },
        "718156abdb7040a4b29cfbe85c8f6edd": {
          "type": "remark",
          "code": "718156abdb7040a4b29cfbe85c8f6edd",
          "formitem_group_id": "fa767710a84b40fa8e283a40fb1685c5",
          "prepareitem_id": "444fcae46a8b4383bdaffc07e4c5682e",
          "name": "备注",
          "ui_type": "02",
          "_id": "718156abdb7040a4b29cfbe85c8f6edd",
          "realvalue": "",
          "showvalue": "",
          "valueformat": "{\"value\":\"\"}"
        },
        "47cd87989e0e4d8bbeac61bc966ba0c0": {
          "type": "item",
          "code": "47cd87989e0e4d8bbeac61bc966ba0c0",
          "formitem_group_id": "fe2d96e2d91a4a3592067302110690fd",
          "prepareitem_id": "18d81c9464f648cda9354a36ce4afa88",
          "name": "现场是否有设计图纸-四级",
          "ui_type": "04",
          "_id": "47cd87989e0e4d8bbeac61bc966ba0c0",
          "realvalue": true,
          "showvalue": "是",
          "valueformat": "{\"logic\":true}"
        },
        "319d3cc07e3d4ee5958793dcfa668d90": {
          "type": "item",
          "code": "319d3cc07e3d4ee5958793dcfa668d90",
          "formitem_group_id": "7647754a64cd47a3aa57b29ed5654a7d",
          "prepareitem_id": "91e0ef0ec3fa47deb5f5c13e010444d7",
          "name": "工程是否见矿",
          "ui_type": "04",
          "_id": "319d3cc07e3d4ee5958793dcfa668d90",
          "valueformat": "null"
        },
        "129422d93e724063a018c51ffdf47e68": {
          "type": "item",
          "code": "129422d93e724063a018c51ffdf47e68",
          "formitem_group_id": "0073a55d99c14e2bae29b624fe6d2d13",
          "prepareitem_id": "207e7a88b7fa4a9d8660a048fae31fad",
          "name": "布样位置是否合理、正确",
          "ui_type": "04",
          "_id": "129422d93e724063a018c51ffdf47e68",
          "realvalue": true,
          "showvalue": "是",
          "valueformat": "{\"logic\":true}"
        },
        "8a5f0de82683492ea1d22148e18e0f01": {
          "type": "remark",
          "code": "8a5f0de82683492ea1d22148e18e0f01",
          "formitem_group_id": "0e96d7a029664afaa3d270701123bc50",
          "prepareitem_id": "578bb78ad0f44466a4e570277168da08",
          "name": "备注",
          "ui_type": "02",
          "_id": "8a5f0de82683492ea1d22148e18e0f01",
          "realvalue": "",
          "showvalue": "",
          "valueformat": "{\"value\":\"\"}"
        },
        "ca9dc397ab8440fc9cecc519b67d576c": {
          "type": "remark",
          "code": "ca9dc397ab8440fc9cecc519b67d576c",
          "formitem_group_id": "20719108d7c846c2911987adab008980",
          "prepareitem_id": "95a45d0cef1844ee96ef33b7ed61f050",
          "name": "备注",
          "ui_type": "02",
          "_id": "ca9dc397ab8440fc9cecc519b67d576c",
          "realvalue": "",
          "showvalue": "",
          "valueformat": "{\"value\":\"\"}"
        },
        "d4d6dba5c4da4689978336ffb37c1590": {
          "type": "item",
          "code": "d4d6dba5c4da4689978336ffb37c1590",
          "formitem_group_id": "3ef21007f83542d1b05d1ffd8aab992f",
          "prepareitem_id": "7373cb4db6db41628ab4ce078b919109",
          "name": "矿区",
          "ui_type": "05",
          "_id": "d4d6dba5c4da4689978336ffb37c1590",
          "realvalue": "59f1393e5d332d15953cdcda",
          "showvalue": "龙门西沟",
          "valueformat": "{\"dict\":{\"name\":\"龙门西沟\",\"_id\":\"59f1393e5d332d15953cdcda\"}}"
        },
        "cf46280264984076b5054f383844108a": {
          "type": "item",
          "code": "cf46280264984076b5054f383844108a",
          "formitem_group_id": "711081143fe24623a568479c7e43dce0",
          "prepareitem_id": "cfba06197f4842f981eeaa49f9aa2a67",
          "name": "定向工程方位是否与设计相符",
          "ui_type": "04",
          "_id": "cf46280264984076b5054f383844108a",
          "valueformat": "null"
        },
        "35773c166e04469f98f517ede1c76ef7": {
          "type": "remark",
          "code": "35773c166e04469f98f517ede1c76ef7",
          "formitem_group_id": "9378d53630694ad5b1752bbbbf046c69",
          "prepareitem_id": "70044cc5d0d94482b0311e7356204ce8",
          "name": "备注",
          "ui_type": "02",
          "_id": "35773c166e04469f98f517ede1c76ef7",
          "realvalue": "",
          "showvalue": "",
          "valueformat": "{\"value\":\"\"}"
        },
        "a4d3a7fc5c144363a8994272c04bb1ca": {
          "type": "item",
          "code": "a4d3a7fc5c144363a8994272c04bb1ca",
          "formitem_group_id": "a84ff4d4312248e1b62275ae3b988b34",
          "prepareitem_id": "f19a2dcb20654cfda84de0f40af6ee22",
          "name": "工程性质",
          "ui_type": "01",
          "_id": "a4d3a7fc5c144363a8994272c04bb1ca",
          "realvalue": "",
          "showvalue": "",
          "valueformat": "{\"value\":\"\"}"
        },
        "2d0469de43ec4c79997f2ae9311ee9b3": {
          "type": "remark",
          "code": "2d0469de43ec4c79997f2ae9311ee9b3",
          "formitem_group_id": "fe2d96e2d91a4a3592067302110690fd",
          "prepareitem_id": "18d81c9464f648cda9354a36ce4afa88",
          "name": "备注",
          "ui_type": "02",
          "_id": "2d0469de43ec4c79997f2ae9311ee9b3",
          "realvalue": "",
          "showvalue": "",
          "valueformat": "{\"value\":\"\"}"
        },
        "d2bd2159875a40a29c9b44a87ee849be": {
          "type": "attachment",
          "code": "d2bd2159875a40a29c9b44a87ee849be",
          "formitem_group_id": "f31c7bb766224746ba8d533b5032ae2c",
          "prepareitem_id": "3146f78d014e478a872c2fc423ce33f5",
          "name": "附件",
          "ui_type": "14",
          "_id": "d2bd2159875a40a29c9b44a87ee849be",
          "realvalue": "",
          "showvalue": "",
          "valueformat": "{\"attachment\":[\"\"]}"
        },
        "1fb76e48367547319cdc8e40a80e444a": {
          "type": "remark",
          "code": "1fb76e48367547319cdc8e40a80e444a",
          "formitem_group_id": "3ef21007f83542d1b05d1ffd8aab992f",
          "prepareitem_id": "7373cb4db6db41628ab4ce078b919109",
          "name": "备注",
          "ui_type": "02",
          "_id": "1fb76e48367547319cdc8e40a80e444a",
          "realvalue": "",
          "showvalue": "",
          "valueformat": "{\"value\":\"\"}"
        },
        "9ab48e4e02eb4a9dac8c636449724b82": {
          "type": "attachment",
          "code": "9ab48e4e02eb4a9dac8c636449724b82",
          "formitem_group_id": "a84ff4d4312248e1b62275ae3b988b34",
          "prepareitem_id": "f19a2dcb20654cfda84de0f40af6ee22",
          "name": "附件",
          "ui_type": "14",
          "_id": "9ab48e4e02eb4a9dac8c636449724b82",
          "realvalue": "",
          "showvalue": "",
          "valueformat": "{\"attachment\":[\"\"]}"
        },
        "f7766ccde32643ef80d5faffc111a367": {
          "type": "item",
          "code": "f7766ccde32643ef80d5faffc111a367",
          "formitem_group_id": "ce997a56539c4d16ab994fad035bd6c4",
          "prepareitem_id": "9e6aae59e6fa4623b8ef3e6c659e2f0b",
          "name": "是否存在安全隐患-三级",
          "ui_type": "04",
          "_id": "f7766ccde32643ef80d5faffc111a367",
          "realvalue": false,
          "showvalue": "否",
          "valueformat": "{\"logic\":false}"
        },
        "01ade024341d453d8e093774c3a1e713": {
          "type": "attachment",
          "code": "01ade024341d453d8e093774c3a1e713",
          "formitem_group_id": "1e383569f971421f9e703f72f6759cf7",
          "prepareitem_id": "2ccb61a0819d43b99475eb6a17ee441a",
          "name": "附件",
          "ui_type": "14",
          "_id": "01ade024341d453d8e093774c3a1e713",
          "realvalue": "",
          "showvalue": "",
          "valueformat": "{\"attachment\":[\"\"]}"
        },
        "884f3261c0e24ddbb7478d83dcf86f0a": {
          "type": "item",
          "code": "884f3261c0e24ddbb7478d83dcf86f0a",
          "formitem_group_id": "c6bf43618aae467da86154be9ba458f0",
          "prepareitem_id": "70e86179cd4f4f6bb2161a6e4ecf6f82",
          "name": "硐口",
          "ui_type": "05",
          "_id": "884f3261c0e24ddbb7478d83dcf86f0a",
          "realvalue": "59fc09455d332d7b3fe8f33c",
          "showvalue": "龙门西斜坡道北",
          "valueformat": "{\"dict\":{\"name\":\"龙门西斜坡道北\",\"_id\":\"59fc09455d332d7b3fe8f33c\"}}"
        },
        "5a155e29675a41bfa5e4a2a996b74897": {
          "type": "attachment",
          "code": "5a155e29675a41bfa5e4a2a996b74897",
          "formitem_group_id": "7647754a64cd47a3aa57b29ed5654a7d",
          "prepareitem_id": "91e0ef0ec3fa47deb5f5c13e010444d7",
          "name": "附件",
          "ui_type": "14",
          "_id": "5a155e29675a41bfa5e4a2a996b74897",
          "realvalue": "",
          "showvalue": "",
          "valueformat": "{\"attachment\":[\"\"]}"
        },
        "1befb9e7a2364809bf7cbcdcf8201917": {
          "type": "item",
          "code": "1befb9e7a2364809bf7cbcdcf8201917",
          "formitem_group_id": "fa767710a84b40fa8e283a40fb1685c5",
          "prepareitem_id": "444fcae46a8b4383bdaffc07e4c5682e",
          "name": "作业面名称",
          "ui_type": "19",
          "_id": "1befb9e7a2364809bf7cbcdcf8201917",
          "realvalue": "",
          "showvalue": "",
          "valueformat": "{\"values\":[{\"name\":\"\",\"id\":\"\"}]}"
        },
        "f0f21961810243eaa99021e923669e36": {
          "type": "attachment",
          "code": "f0f21961810243eaa99021e923669e36",
          "formitem_group_id": "95f324d5c8b9401a828725dcb4f1aa74",
          "prepareitem_id": "5c2f883474bf4451a099cbedf3dab704",
          "name": "附件",
          "ui_type": "14",
          "_id": "f0f21961810243eaa99021e923669e36",
          "realvalue": [
            {
              "size": 307688,
              "name": "EblogPhoto1571617614387",
              "isUpload": false,
              "type": "png",
              "local": "/storage/emulated/0/com.eblog/cache/EB_photo/EblogPhoto1571617614387.png",
              "url": "privateFile/company_547/wt_5d3a9e19b651f400c9167b7c/2019-10-21/d9ae38be-7e6d-4f9e-bb67-dbc443be08ea.png"
            }
          ],
          "showvalue": [
            {
              "size": 307688,
              "name": "EblogPhoto1571617614387",
              "isUpload": false,
              "type": "png",
              "local": "/storage/emulated/0/com.eblog/cache/EB_photo/EblogPhoto1571617614387.png",
              "url": "privateFile/company_547/wt_5d3a9e19b651f400c9167b7c/2019-10-21/d9ae38be-7e6d-4f9e-bb67-dbc443be08ea.png"
            }
          ],
          "valueformat": "[{\"size\":307688,\"name\":\"EblogPhoto1571617614387\",\"isUpload\":false,\"type\":\"png\",\"local\":\"/storage/emulated/0/com.eblog/cache/EB_photo/EblogPhoto1571617614387.png\",\"url\":\"privateFile/company_547/wt_5d3a9e19b651f400c9167b7c/2019-10-21/d9ae38be-7e6d-4f9e-bb67-dbc443be08ea.png\"}]"
        },
        "e9e8c03107264ab9935183e4b36dea52": {
          "type": "remark",
          "code": "e9e8c03107264ab9935183e4b36dea52",
          "formitem_group_id": "1e383569f971421f9e703f72f6759cf7",
          "prepareitem_id": "2ccb61a0819d43b99475eb6a17ee441a",
          "name": "备注",
          "ui_type": "02",
          "_id": "e9e8c03107264ab9935183e4b36dea52",
          "realvalue": "",
          "showvalue": "",
          "valueformat": "{\"value\":\"\"}"
        },
        "985853bf6668497c8775444e3cb6d5ab": {
          "type": "item",
          "code": "985853bf6668497c8775444e3cb6d5ab",
          "formitem_group_id": "4e4beda43ad94c17807072679d6e8eeb",
          "prepareitem_id": "6e62b1aea4cb42379dc66e8fbe2878d6",
          "name": "样槽或打样深度是否达到要求",
          "ui_type": "04",
          "_id": "985853bf6668497c8775444e3cb6d5ab",
          "realvalue": true,
          "showvalue": "是",
          "valueformat": "{\"logic\":true}"
        },
        "5570d3eb77a8475cb1918bceaf39e79b": {
          "type": "attachment",
          "code": "5570d3eb77a8475cb1918bceaf39e79b",
          "formitem_group_id": "fa767710a84b40fa8e283a40fb1685c5",
          "prepareitem_id": "444fcae46a8b4383bdaffc07e4c5682e",
          "name": "附件",
          "ui_type": "14",
          "_id": "5570d3eb77a8475cb1918bceaf39e79b",
          "realvalue": "",
          "showvalue": "",
          "valueformat": "{\"attachment\":[\"\"]}"
        },
        "4bed8fa1af4a4ab8b38e74083ba28c61": {
          "type": "remark",
          "code": "4bed8fa1af4a4ab8b38e74083ba28c61",
          "formitem_group_id": "08330b440a4a4aeca8031f34b286b3b1",
          "prepareitem_id": "e386c0d3bcac45b7ba027c062c3f5c81",
          "name": "备注",
          "ui_type": "02",
          "_id": "4bed8fa1af4a4ab8b38e74083ba28c61",
          "realvalue": "",
          "showvalue": "",
          "valueformat": "{\"value\":\"\"}"
        },
        "c5e4643f3a4d4606bfeef18452e4e817": {
          "type": "attachment",
          "code": "c5e4643f3a4d4606bfeef18452e4e817",
          "formitem_group_id": "20719108d7c846c2911987adab008980",
          "prepareitem_id": "95a45d0cef1844ee96ef33b7ed61f050",
          "name": "附件",
          "ui_type": "14",
          "_id": "c5e4643f3a4d4606bfeef18452e4e817",
          "realvalue": "",
          "showvalue": "",
          "valueformat": "{\"attachment\":[\"\"]}"
        },
        "9eda32eeacf740b5816b30ac41f8988b": {
          "type": "attachment",
          "code": "9eda32eeacf740b5816b30ac41f8988b",
          "formitem_group_id": "c6bf43618aae467da86154be9ba458f0",
          "prepareitem_id": "70e86179cd4f4f6bb2161a6e4ecf6f82",
          "name": "附件",
          "ui_type": "14",
          "_id": "9eda32eeacf740b5816b30ac41f8988b",
          "realvalue": "",
          "showvalue": "",
          "valueformat": "{\"attachment\":[\"\"]}"
        },
        "fb5c654ad5b04372ac51362a74995fd6": {
          "type": "attachment",
          "code": "fb5c654ad5b04372ac51362a74995fd6",
          "formitem_group_id": "9378d53630694ad5b1752bbbbf046c69",
          "prepareitem_id": "70044cc5d0d94482b0311e7356204ce8",
          "name": "附件",
          "ui_type": "14",
          "_id": "fb5c654ad5b04372ac51362a74995fd6",
          "realvalue": [
            {
              "size": 300964,
              "name": "EblogPhoto1571618095424",
              "isUpload": false,
              "type": "png",
              "local": "/storage/emulated/0/com.eblog/cache/EB_photo/EblogPhoto1571618095424.png",
              "url": "privateFile/company_547/wt_5d3a9e19b651f400c9167b7c/2019-10-21/adb7b13d-0321-4e8c-a6a8-7e1d1964e74a.png"
            }
          ],
          "showvalue": [
            {
              "size": 300964,
              "name": "EblogPhoto1571618095424",
              "isUpload": false,
              "type": "png",
              "local": "/storage/emulated/0/com.eblog/cache/EB_photo/EblogPhoto1571618095424.png",
              "url": "privateFile/company_547/wt_5d3a9e19b651f400c9167b7c/2019-10-21/adb7b13d-0321-4e8c-a6a8-7e1d1964e74a.png"
            }
          ],
          "valueformat": "[{\"size\":300964,\"name\":\"EblogPhoto1571618095424\",\"isUpload\":false,\"type\":\"png\",\"local\":\"/storage/emulated/0/com.eblog/cache/EB_photo/EblogPhoto1571618095424.png\",\"url\":\"privateFile/company_547/wt_5d3a9e19b651f400c9167b7c/2019-10-21/adb7b13d-0321-4e8c-a6a8-7e1d1964e74a.png\"}]"
        },
        "862e81166b114d8ca67e1722cd0d5894": {
          "type": "attachment",
          "code": "862e81166b114d8ca67e1722cd0d5894",
          "formitem_group_id": "3ef21007f83542d1b05d1ffd8aab992f",
          "prepareitem_id": "7373cb4db6db41628ab4ce078b919109",
          "name": "附件",
          "ui_type": "14",
          "_id": "862e81166b114d8ca67e1722cd0d5894",
          "realvalue": "",
          "showvalue": "",
          "valueformat": "{\"attachment\":[\"\"]}"
        },
        "273300d5333d4c2fa2bcf59522308db9": {
          "type": "item",
          "code": "273300d5333d4c2fa2bcf59522308db9",
          "formitem_group_id": "08330b440a4a4aeca8031f34b286b3b1",
          "prepareitem_id": "e386c0d3bcac45b7ba027c062c3f5c81",
          "name": "矿化样品是否有封边样",
          "ui_type": "04",
          "_id": "273300d5333d4c2fa2bcf59522308db9",
          "realvalue": true,
          "showvalue": "是",
          "valueformat": "{\"logic\":true}"
        },
        "e9f4c0d07e6542b6931d4a8a6771f277": {
          "type": "remark",
          "code": "e9f4c0d07e6542b6931d4a8a6771f277",
          "formitem_group_id": "ce997a56539c4d16ab994fad035bd6c4",
          "prepareitem_id": "9e6aae59e6fa4623b8ef3e6c659e2f0b",
          "name": "备注",
          "ui_type": "02",
          "_id": "e9f4c0d07e6542b6931d4a8a6771f277",
          "realvalue": "",
          "showvalue": "",
          "valueformat": "{\"value\":\"\"}"
        },
        "94b7a68924424c44b90c65548d7a8ba0": {
          "type": "attachment",
          "code": "94b7a68924424c44b90c65548d7a8ba0",
          "formitem_group_id": "08330b440a4a4aeca8031f34b286b3b1",
          "prepareitem_id": "e386c0d3bcac45b7ba027c062c3f5c81",
          "name": "附件",
          "ui_type": "14",
          "_id": "94b7a68924424c44b90c65548d7a8ba0",
          "realvalue": [
            {
              "size": 357042,
              "name": "1571618106065",
              "isUpload": false,
              "type": "jpg",
              "local": "/storage/emulated/0/Android/data/com.eblog/files/Pictures/luban_disk_cache/1571618106065.jpg",
              "url": "privateFile/company_547/wt_5d3a9e19b651f400c9167b7c/2019-10-21/58b5bffc-4752-44a9-956d-8dfec3169b07.jpg"
            }
          ],
          "showvalue": [
            {
              "size": 357042,
              "name": "1571618106065",
              "isUpload": false,
              "type": "jpg",
              "local": "/storage/emulated/0/Android/data/com.eblog/files/Pictures/luban_disk_cache/1571618106065.jpg",
              "url": "privateFile/company_547/wt_5d3a9e19b651f400c9167b7c/2019-10-21/58b5bffc-4752-44a9-956d-8dfec3169b07.jpg"
            }
          ],
          "valueformat": "[{\"size\":357042,\"name\":\"1571618106065\",\"isUpload\":false,\"type\":\"jpg\",\"local\":\"/storage/emulated/0/Android/data/com.eblog/files/Pictures/luban_disk_cache/1571618106065.jpg\",\"url\":\"privateFile/company_547/wt_5d3a9e19b651f400c9167b7c/2019-10-21/58b5bffc-4752-44a9-956d-8dfec3169b07.jpg\"}]"
        },
        "930e7a443cf649b8a216f48505c1c6e7": {
          "type": "remark",
          "code": "930e7a443cf649b8a216f48505c1c6e7",
          "formitem_group_id": "a84ff4d4312248e1b62275ae3b988b34",
          "prepareitem_id": "f19a2dcb20654cfda84de0f40af6ee22",
          "name": "备注",
          "ui_type": "02",
          "_id": "930e7a443cf649b8a216f48505c1c6e7",
          "realvalue": "",
          "showvalue": "",
          "valueformat": "{\"value\":\"\"}"
        },
        "71c9fe3f0b2c4efdb06f44a8fa3086e3": {
          "type": "attachment",
          "code": "71c9fe3f0b2c4efdb06f44a8fa3086e3",
          "formitem_group_id": "4e4beda43ad94c17807072679d6e8eeb",
          "prepareitem_id": "6e62b1aea4cb42379dc66e8fbe2878d6",
          "name": "附件",
          "ui_type": "14",
          "_id": "71c9fe3f0b2c4efdb06f44a8fa3086e3",
          "realvalue": [
            {
              "size": 342909,
              "name": "EblogPhoto1571618100102",
              "isUpload": false,
              "type": "png",
              "local": "/storage/emulated/0/com.eblog/cache/EB_photo/EblogPhoto1571618100102.png",
              "url": "privateFile/company_547/wt_5d3a9e19b651f400c9167b7c/2019-10-21/b692b5f1-0f06-4f88-acad-5e0e421a06ed.png"
            }
          ],
          "showvalue": [
            {
              "size": 342909,
              "name": "EblogPhoto1571618100102",
              "isUpload": false,
              "type": "png",
              "local": "/storage/emulated/0/com.eblog/cache/EB_photo/EblogPhoto1571618100102.png",
              "url": "privateFile/company_547/wt_5d3a9e19b651f400c9167b7c/2019-10-21/b692b5f1-0f06-4f88-acad-5e0e421a06ed.png"
            }
          ],
          "valueformat": "[{\"size\":342909,\"name\":\"EblogPhoto1571618100102\",\"isUpload\":false,\"type\":\"png\",\"local\":\"/storage/emulated/0/com.eblog/cache/EB_photo/EblogPhoto1571618100102.png\",\"url\":\"privateFile/company_547/wt_5d3a9e19b651f400c9167b7c/2019-10-21/b692b5f1-0f06-4f88-acad-5e0e421a06ed.png\"}]"
        },
        "97c9f520346f411abd30caaa60a98c4d": {
          "type": "item",
          "code": "97c9f520346f411abd30caaa60a98c4d",
          "formitem_group_id": "20719108d7c846c2911987adab008980",
          "prepareitem_id": "95a45d0cef1844ee96ef33b7ed61f050",
          "name": "巷道施工质量是否符合要求",
          "ui_type": "04",
          "_id": "97c9f520346f411abd30caaa60a98c4d",
          "valueformat": "null"
        },
        "a28a5d4b26844d1e8e49c9c8a7ce1f79": {
          "type": "item",
          "code": "a28a5d4b26844d1e8e49c9c8a7ce1f79",
          "formitem_group_id": "1e383569f971421f9e703f72f6759cf7",
          "prepareitem_id": "2ccb61a0819d43b99475eb6a17ee441a",
          "name": "穿脉达到设计目的后是否及时停工",
          "ui_type": "04",
          "_id": "a28a5d4b26844d1e8e49c9c8a7ce1f79",
          "valueformat": "null"
        },
        "ddd00892c61c406c90e5e421b278eb70": {
          "type": "attachment",
          "code": "ddd00892c61c406c90e5e421b278eb70",
          "formitem_group_id": "ce997a56539c4d16ab994fad035bd6c4",
          "prepareitem_id": "9e6aae59e6fa4623b8ef3e6c659e2f0b",
          "name": "附件",
          "ui_type": "14",
          "_id": "ddd00892c61c406c90e5e421b278eb70",
          "realvalue": [
            {
              "size": 306143,
              "name": "EblogPhoto1571617762232",
              "isUpload": false,
              "type": "png",
              "local": "/storage/emulated/0/com.eblog/cache/EB_photo/EblogPhoto1571617762232.png",
              "url": "privateFile/company_547/wt_5d3a9e19b651f400c9167b7c/2019-10-21/a3246b5d-6fce-4eee-868a-2b440e2fe1c3.png"
            }
          ],
          "showvalue": [
            {
              "size": 306143,
              "name": "EblogPhoto1571617762232",
              "isUpload": false,
              "type": "png",
              "local": "/storage/emulated/0/com.eblog/cache/EB_photo/EblogPhoto1571617762232.png",
              "url": "privateFile/company_547/wt_5d3a9e19b651f400c9167b7c/2019-10-21/a3246b5d-6fce-4eee-868a-2b440e2fe1c3.png"
            }
          ],
          "valueformat": "[{\"size\":306143,\"name\":\"EblogPhoto1571617762232\",\"isUpload\":false,\"type\":\"png\",\"local\":\"/storage/emulated/0/com.eblog/cache/EB_photo/EblogPhoto1571617762232.png\",\"url\":\"privateFile/company_547/wt_5d3a9e19b651f400c9167b7c/2019-10-21/a3246b5d-6fce-4eee-868a-2b440e2fe1c3.png\"}]"
        },
        "8c386d289c704091859fe4a888292a8f": {
          "type": "item",
          "code": "8c386d289c704091859fe4a888292a8f",
          "formitem_group_id": "f31c7bb766224746ba8d533b5032ae2c",
          "prepareitem_id": "3146f78d014e478a872c2fc423ce33f5",
          "name": "其他项1是否存在问题",
          "ui_type": "04",
          "_id": "8c386d289c704091859fe4a888292a8f",
          "valueformat": "null"
        },
        "a97f415e14c241c7bde3567d8eb5f08b": {
          "type": "remark",
          "code": "a97f415e14c241c7bde3567d8eb5f08b",
          "formitem_group_id": "95f324d5c8b9401a828725dcb4f1aa74",
          "prepareitem_id": "5c2f883474bf4451a099cbedf3dab704",
          "name": "备注",
          "ui_type": "02",
          "_id": "a97f415e14c241c7bde3567d8eb5f08b",
          "realvalue": "233/88/0.15",
          "showvalue": "233/88/0.15",
          "valueformat": "{\"value\":\"233/88/0.15\"}"
        },
        "809bc4f187454275bc14f74b5ce8769d": {
          "type": "remark",
          "code": "809bc4f187454275bc14f74b5ce8769d",
          "formitem_group_id": "f31c7bb766224746ba8d533b5032ae2c",
          "prepareitem_id": "3146f78d014e478a872c2fc423ce33f5",
          "name": "备注",
          "ui_type": "02",
          "_id": "809bc4f187454275bc14f74b5ce8769d",
          "realvalue": "",
          "showvalue": "",
          "valueformat": "{\"value\":\"\"}"
        },
        "ed33597fe3af4ec189cedde18f9378b1": {
          "type": "remark",
          "code": "ed33597fe3af4ec189cedde18f9378b1",
          "formitem_group_id": "0073a55d99c14e2bae29b624fe6d2d13",
          "prepareitem_id": "207e7a88b7fa4a9d8660a048fae31fad",
          "name": "备注",
          "ui_type": "02",
          "_id": "ed33597fe3af4ec189cedde18f9378b1",
          "realvalue": "",
          "showvalue": "",
          "valueformat": "{\"value\":\"\"}"
        },
        "0107aa3871e84624b76461802bba96db": {
          "type": "attachment",
          "code": "0107aa3871e84624b76461802bba96db",
          "formitem_group_id": "0e96d7a029664afaa3d270701123bc50",
          "prepareitem_id": "578bb78ad0f44466a4e570277168da08",
          "name": "附件",
          "ui_type": "14",
          "_id": "0107aa3871e84624b76461802bba96db",
          "realvalue": [
            {
              "size": 330731,
              "name": "EblogPhoto1571617771366",
              "isUpload": false,
              "type": "png",
              "local": "/storage/emulated/0/com.eblog/cache/EB_photo/EblogPhoto1571617771366.png",
              "url": "privateFile/company_547/wt_5d3a9e19b651f400c9167b7c/2019-10-21/7f470eb5-23eb-42ea-b0fa-cc84daacda64.png"
            }
          ],
          "showvalue": [
            {
              "size": 330731,
              "name": "EblogPhoto1571617771366",
              "isUpload": false,
              "type": "png",
              "local": "/storage/emulated/0/com.eblog/cache/EB_photo/EblogPhoto1571617771366.png",
              "url": "privateFile/company_547/wt_5d3a9e19b651f400c9167b7c/2019-10-21/7f470eb5-23eb-42ea-b0fa-cc84daacda64.png"
            }
          ],
          "valueformat": "[{\"size\":330731,\"name\":\"EblogPhoto1571617771366\",\"isUpload\":false,\"type\":\"png\",\"local\":\"/storage/emulated/0/com.eblog/cache/EB_photo/EblogPhoto1571617771366.png\",\"url\":\"privateFile/company_547/wt_5d3a9e19b651f400c9167b7c/2019-10-21/7f470eb5-23eb-42ea-b0fa-cc84daacda64.png\"}]"
        },
        "d20da65fa81f4f32ab1b2e329b89d951": {
          "type": "remark",
          "code": "d20da65fa81f4f32ab1b2e329b89d951",
          "formitem_group_id": "7647754a64cd47a3aa57b29ed5654a7d",
          "prepareitem_id": "91e0ef0ec3fa47deb5f5c13e010444d7",
          "name": "备注",
          "ui_type": "02",
          "_id": "d20da65fa81f4f32ab1b2e329b89d951",
          "realvalue": "",
          "showvalue": "",
          "valueformat": "{\"value\":\"\"}"
        },
        "58ca95561a6243bc8e9f4071866ed87a": {
          "type": "item",
          "code": "58ca95561a6243bc8e9f4071866ed87a",
          "formitem_group_id": "9378d53630694ad5b1752bbbbf046c69",
          "prepareitem_id": "70044cc5d0d94482b0311e7356204ce8",
          "name": "探矿工程编录是否及时",
          "ui_type": "04",
          "_id": "58ca95561a6243bc8e9f4071866ed87a",
          "realvalue": true,
          "showvalue": "是",
          "valueformat": "{\"logic\":true}"
        }
      }
    }
  ],
  "page": {
    "total": 145,
    "pageCount": 20,
    "pageTotal": 8,
    "pageIndex": 1
  }
}