{
  "code": "DZ-05",
  "template_status": 2,
  "create_user_name": "李葵暖",
  "category1Name": "综合管理",
  "category2Id": "5c7b4b2326bd71000fceff11",
  "description": "坑探日常检查",
  "category1Id": "59ea92565d332d55e9b6b034",
  "form_type": "1",
  "update_time": "1561801655891",
  "update_user_id": "1047",
  "isRelationOrder": false,
  "create_user_id": "1047",
  "create_time": "1561628145166",
  "company_id": "547",
  "groups": [{
    "isvisible": "true",
    "company_id": "547",
    "isedit": "true",
    "prepareitem_category_id": "5d120aa629bd18008329997d",
    "group_type": "1",
    "prepareitem_id": "7373cb4db6db41628ab4ce078b919109",
    "ishideborder": "true",
    "ishidegroupname": "true",
    "layout": 4,
    "isAddRecord": "false",
    "name": "矿区",
    "isCopyLine": 0,
    "template_id": "2417c825e036424e9be94867ab7a2ccd",
    "group_cols": 3,
    "note_write_member_time": "true",
    "_id": "3ef21007f83542d1b05d1ffd8aab992f",
    "group_order": 1,
    "status": 0
  }, {
    "isvisible": "true",
    "company_id": "547",
    "isedit": "true",
    "prepareitem_category_id": "5d120aa629bd18008329997d",
    "group_type": "1",
    "prepareitem_id": "70e86179cd4f4f6bb2161a6e4ecf6f82",
    "ishideborder": "true",
    "ishidegroupname": "true",
    "layout": 4,
    "isAddRecord": "false",
    "name": "硐口",
    "isCopyLine": 0,
    "template_id": "2417c825e036424e9be94867ab7a2ccd",
    "group_cols": 3,
    "note_write_member_time": "true",
    "_id": "c6bf43618aae467da86154be9ba458f0",
    "group_order": 2,
    "status": 0
  }, {
    "isvisible": "true",
    "company_id": "547",
    "isedit": "true",
    "prepareitem_category_id": "5d120aa629bd18008329997d",
    "group_type": "1",
    "prepareitem_id": "444fcae46a8b4383bdaffc07e4c5682e",
    "ishideborder": "true",
    "ishidegroupname": "true",
    "layout": 4,
    "isAddRecord": "false",
    "name": "作业面名称",
    "isCopyLine": 0,
    "template_id": "2417c825e036424e9be94867ab7a2ccd",
    "group_cols": 3,
    "note_write_member_time": "true",
    "_id": "fa767710a84b40fa8e283a40fb1685c5",
    "group_order": 3,
    "status": 0
  }, {
    "isvisible": "true",
    "company_id": "547",
    "isedit": "true",
    "prepareitem_category_id": "5d120aa629bd18008329997d",
    "group_type": "1",
    "prepareitem_id": "f19a2dcb20654cfda84de0f40af6ee22",
    "ishideborder": "true",
    "ishidegroupname": "true",
    "layout": 4,
    "isAddRecord": "false",
    "name": "工程性质",
    "isCopyLine": 0,
    "template_id": "2417c825e036424e9be94867ab7a2ccd",
    "group_cols": 3,
    "note_write_member_time": "true",
    "_id": "a84ff4d4312248e1b62275ae3b988b34",
    "group_order": 4,
    "status": 0
  }, {
    "isvisible": "true",
    "company_id": "547",
    "isedit": "true",
    "prepareitem_category_id": "5d120aa629bd18008329997d",
    "group_type": "1",
    "prepareitem_id": "18d81c9464f648cda9354a36ce4afa88",
    "ishideborder": "true",
    "ishidegroupname": "true",
    "layout": 4,
    "isAddRecord": "false",
    "name": "现场是否有设计图纸-四级",
    "isCopyLine": 0,
    "template_id": "2417c825e036424e9be94867ab7a2ccd",
    "group_cols": 3,
    "note_write_member_time": "true",
    "_id": "fe2d96e2d91a4a3592067302110690fd",
    "group_order": 5,
    "status": 0
  }, {
    "isvisible": "true",
    "company_id": "547",
    "isedit": "true",
    "prepareitem_category_id": "5d120aa629bd18008329997d",
    "group_type": "1",
    "prepareitem_id": "95a45d0cef1844ee96ef33b7ed61f050",
    "ishideborder": "true",
    "ishidegroupname": "true",
    "layout": 4,
    "isAddRecord": "false",
    "name": "巷道施工质量是否符合要求",
    "isCopyLine": 0,
    "template_id": "2417c825e036424e9be94867ab7a2ccd",
    "group_cols": 3,
    "note_write_member_time": "true",
    "_id": "20719108d7c846c2911987adab008980",
    "group_order": 6,
    "status": 0
  }, {
    "isvisible": "true",
    "company_id": "547",
    "isedit": "true",
    "prepareitem_category_id": "5d120aa629bd18008329997d",
    "group_type": "1",
    "prepareitem_id": "5c2f883474bf4451a099cbedf3dab704",
    "ishideborder": "true",
    "ishidegroupname": "true",
    "layout": 4,
    "isAddRecord": "false",
    "name": "沿脉工程是否脱脉",
    "isCopyLine": 0,
    "template_id": "2417c825e036424e9be94867ab7a2ccd",
    "group_cols": 3,
    "note_write_member_time": "true",
    "_id": "95f324d5c8b9401a828725dcb4f1aa74",
    "group_order": 7,
    "status": 0
  }, {
    "isvisible": "true",
    "company_id": "547",
    "isedit": "true",
    "prepareitem_category_id": "5d120aa629bd18008329997d",
    "group_type": "1",
    "prepareitem_id": "2ccb61a0819d43b99475eb6a17ee441a",
    "ishideborder": "true",
    "ishidegroupname": "true",
    "layout": 4,
    "isAddRecord": "false",
    "name": "穿脉达到设计目的后是否及时停工",
    "isCopyLine": 0,
    "template_id": "2417c825e036424e9be94867ab7a2ccd",
    "group_cols": 3,
    "note_write_member_time": "true",
    "_id": "1e383569f971421f9e703f72f6759cf7",
    "group_order": 8,
    "status": 0
  }, {
    "isvisible": "true",
    "company_id": "547",
    "isedit": "true",
    "prepareitem_category_id": "5d120aa629bd18008329997d",
    "group_type": "1",
    "prepareitem_id": "cfba06197f4842f981eeaa49f9aa2a67",
    "ishideborder": "true",
    "ishidegroupname": "true",
    "layout": 4,
    "isAddRecord": "false",
    "name": "定向工程方位是否与设计相符",
    "isCopyLine": 0,
    "template_id": "2417c825e036424e9be94867ab7a2ccd",
    "group_cols": 3,
    "note_write_member_time": "true",
    "_id": "711081143fe24623a568479c7e43dce0",
    "group_order": 9,
    "status": 0
  }, {
    "isvisible": "true",
    "company_id": "547",
    "isedit": "true",
    "prepareitem_category_id": "5d120aa629bd18008329997d",
    "group_type": "1",
    "prepareitem_id": "9e6aae59e6fa4623b8ef3e6c659e2f0b",
    "ishideborder": "true",
    "ishidegroupname": "true",
    "layout": 4,
    "isAddRecord": "false",
    "name": "是否存在安全隐患-三级",
    "isCopyLine": 0,
    "template_id": "2417c825e036424e9be94867ab7a2ccd",
    "group_cols": 3,
    "note_write_member_time": "true",
    "_id": "ce997a56539c4d16ab994fad035bd6c4",
    "group_order": 10,
    "status": 0
  }, {
    "isvisible": "true",
    "company_id": "547",
    "isedit": "true",
    "prepareitem_category_id": "5d120aa629bd18008329997d",
    "group_type": "1",
    "prepareitem_id": "578bb78ad0f44466a4e570277168da08",
    "ishideborder": "true",
    "ishidegroupname": "true",
    "layout": 4,
    "isAddRecord": "false",
    "name": "施工场地卫生是否干净整洁-四级",
    "isCopyLine": 0,
    "template_id": "2417c825e036424e9be94867ab7a2ccd",
    "group_cols": 3,
    "note_write_member_time": "true",
    "_id": "0e96d7a029664afaa3d270701123bc50",
    "group_order": 11,
    "status": 0
  }, {
    "isvisible": "true",
    "company_id": "547",
    "isedit": "true",
    "prepareitem_category_id": "5d120aa629bd18008329997d",
    "group_type": "1",
    "prepareitem_id": "91e0ef0ec3fa47deb5f5c13e010444d7",
    "ishideborder": "true",
    "ishidegroupname": "true",
    "layout": 4,
    "isAddRecord": "false",
    "name": "工程是否见矿",
    "isCopyLine": 0,
    "template_id": "2417c825e036424e9be94867ab7a2ccd",
    "group_cols": 3,
    "note_write_member_time": "true",
    "_id": "7647754a64cd47a3aa57b29ed5654a7d",
    "group_order": 12,
    "status": 0
  }, {
    "isvisible": "true",
    "company_id": "547",
    "isedit": "true",
    "prepareitem_category_id": "5d120aa629bd18008329997d",
    "group_type": "1",
    "prepareitem_id": "70044cc5d0d94482b0311e7356204ce8",
    "ishideborder": "true",
    "ishidegroupname": "true",
    "layout": 4,
    "isAddRecord": "false",
    "name": "探矿工程编录是否及时",
    "isCopyLine": 0,
    "template_id": "2417c825e036424e9be94867ab7a2ccd",
    "group_cols": 3,
    "note_write_member_time": "true",
    "_id": "9378d53630694ad5b1752bbbbf046c69",
    "group_order": 13,
    "status": 0
  }, {
    "isvisible": "true",
    "company_id": "547",
    "isedit": "true",
    "prepareitem_category_id": "5d120aa629bd18008329997d",
    "group_type": "1",
    "prepareitem_id": "207e7a88b7fa4a9d8660a048fae31fad",
    "ishideborder": "true",
    "ishidegroupname": "true",
    "layout": 4,
    "isAddRecord": "false",
    "name": "布样位置是否合理、正确",
    "isCopyLine": 0,
    "template_id": "2417c825e036424e9be94867ab7a2ccd",
    "group_cols": 3,
    "note_write_member_time": "true",
    "_id": "0073a55d99c14e2bae29b624fe6d2d13",
    "group_order": 14,
    "status": 0
  }, {
    "isvisible": "true",
    "company_id": "547",
    "isedit": "true",
    "prepareitem_category_id": "5d120aa629bd18008329997d",
    "group_type": "1",
    "prepareitem_id": "6e62b1aea4cb42379dc66e8fbe2878d6",
    "ishideborder": "true",
    "ishidegroupname": "true",
    "layout": 4,
    "isAddRecord": "false",
    "name": "样槽或打样深度是否达到要求",
    "isCopyLine": 0,
    "template_id": "2417c825e036424e9be94867ab7a2ccd",
    "group_cols": 3,
    "note_write_member_time": "true",
    "_id": "4e4beda43ad94c17807072679d6e8eeb",
    "group_order": 15,
    "status": 0
  }, {
    "isvisible": "true",
    "company_id": "547",
    "isedit": "true",
    "prepareitem_category_id": "5d120aa629bd18008329997d",
    "group_type": "1",
    "prepareitem_id": "e386c0d3bcac45b7ba027c062c3f5c81",
    "ishideborder": "true",
    "ishidegroupname": "true",
    "layout": 4,
    "isAddRecord": "false",
    "name": "矿化样品是否有封边样",
    "isCopyLine": 0,
    "template_id": "2417c825e036424e9be94867ab7a2ccd",
    "group_cols": 3,
    "note_write_member_time": "true",
    "_id": "08330b440a4a4aeca8031f34b286b3b1",
    "group_order": 16,
    "status": 0
  }, {
    "isvisible": "true",
    "company_id": "547",
    "isedit": "true",
    "prepareitem_category_id": "5d120a6c29bd1800832997a6",
    "group_type": "1",
    "prepareitem_id": "3146f78d014e478a872c2fc423ce33f5",
    "ishideborder": "true",
    "ishidegroupname": "true",
    "layout": 4,
    "isAddRecord": "false",
    "name": "其他项1是否存在问题",
    "isCopyLine": 0,
    "template_id": "2417c825e036424e9be94867ab7a2ccd",
    "group_cols": 3,
    "note_write_member_time": "true",
    "_id": "f31c7bb766224746ba8d533b5032ae2c",
    "group_order": 17,
    "status": 0
  }],
  "update_user_name": "王科峰",
  "version": "1.0.12",
  "layout": 1,
  "changeTime": 1561801655819,
  "isSetAlarm": "1",
  "name": "地质-坑探日常检查工作表-2019",
  "category2Name": "地质管理",
  "fixed": true,
  "_id": "2417c825e036424e9be94867ab7a2ccd",
  "businessType": "8",
  "items": [{
    "isvisible": "1",
    "code": "d4d6dba5c4da4689978336ffb37c1590",
    "isedit": "1",
    "realTableExtendColumn": "d4d6dba5c4da4689978336ffb37c1590_name",
    "isscale": "0",
    "ismorelocation": "0",
    "realTableColumn": "d4d6dba5c4da4689978336ffb37c1590",
    "workspace_id": "1",
    "optionformats": "02",
    "update_time": "1561801655896",
    "ui_type": "05",
    "field_order": 2,
    "update_user_id": "1047",
    "options": "[{\"id\":0,\"label\":\"选项1\"},{\"id\":1,\"label\":\"选项2\"}]",
    "isNameShow": "true",
    "create_user_id": "1047",
    "formitem_group_id": "3ef21007f83542d1b05d1ffd8aab992f",
    "isonly": "0",
    "isallowfile": "0",
    "create_time": "1561514085582",
    "company_id": "547",
    "sys_dic_id": "59f138e25d332d15953cd86e",
    "isrequired": "1",
    "defaultvalue": "{\"dict\":{\"_id\":\"\",\"name\":\"\"}}",
    "iscurrentuser": "0",
    "version": "1.0.12",
    "ismultiple": "0",
    "isalbum": "0",
    "issync_to_sysdic": "0",
    "name": "矿区",
    "isadjust": "0",
    "isallowphoto": "0",
    "template_id": "2417c825e036424e9be94867ab7a2ccd",
    "_id": "d4d6dba5c4da4689978336ffb37c1590",
    "position": "left",
    "isautolevy": "0",
    "status": 0,
    "islevyallowedit": "0"
  }, {
    "isvisible": "1",
    "code": "1fb76e48367547319cdc8e40a80e444a",
    "isedit": "1",
    "isscale": "0",
    "ismorelocation": "0",
    "realTableColumn": "1fb76e48367547319cdc8e40a80e444a",
    "workspace_id": "1",
    "update_time": "1561801655896",
    "ui_type": "02",
    "field_order": 3,
    "update_user_id": "1047",
    "isNameShow": "false",
    "create_user_id": "1047",
    "formitem_group_id": "3ef21007f83542d1b05d1ffd8aab992f",
    "isonly": "0",
    "isallowfile": "0",
    "create_time": "1561514085582",
    "company_id": "547",
    "isrequired": "0",
    "defaultvalue": "{\"value\":\"\"}",
    "iscurrentuser": "0",
    "version": "1.0.12",
    "ismultiple": "0",
    "isalbum": "0",
    "issync_to_sysdic": "0",
    "name": "备注",
    "isadjust": "0",
    "isallowphoto": "0",
    "template_id": "2417c825e036424e9be94867ab7a2ccd",
    "_id": "1fb76e48367547319cdc8e40a80e444a",
    "position": "top",
    "isautolevy": "0",
    "status": 0,
    "islevyallowedit": "0"
  }, {
    "isvisible": "1",
    "code": "884f3261c0e24ddbb7478d83dcf86f0a",
    "isedit": "1",
    "realTableExtendColumn": "884f3261c0e24ddbb7478d83dcf86f0a_name",
    "isscale": "0",
    "ismorelocation": "0",
    "realTableColumn": "884f3261c0e24ddbb7478d83dcf86f0a",
    "workspace_id": "1",
    "optionformats": "02",
    "update_time": "1561801655896",
    "ui_type": "05",
    "field_order": 3,
    "update_user_id": "1047",
    "options": "[{\"id\":0,\"label\":\"选项1\"},{\"id\":1,\"label\":\"选项2\"}]",
    "isNameShow": "true",
    "create_user_id": "1047",
    "formitem_group_id": "c6bf43618aae467da86154be9ba458f0",
    "isonly": "0",
    "isallowfile": "0",
    "create_time": "1561514113510",
    "company_id": "547",
    "sys_dic_id": "59fc07c75d332d7b3fe8e35b",
    "isrequired": "1",
    "defaultvalue": "{\"dict\":{\"_id\":\"\",\"name\":\"\"}}",
    "iscurrentuser": "0",
    "version": "1.0.12",
    "ismultiple": "0",
    "isalbum": "0",
    "issync_to_sysdic": "0",
    "name": "硐口",
    "isadjust": "0",
    "isallowphoto": "0",
    "template_id": "2417c825e036424e9be94867ab7a2ccd",
    "_id": "884f3261c0e24ddbb7478d83dcf86f0a",
    "position": "left",
    "isautolevy": "0",
    "status": 0,
    "islevyallowedit": "0"
  }, {
    "isvisible": "1",
    "code": "1befb9e7a2364809bf7cbcdcf8201917",
    "isedit": "1",
    "realTableExtendColumn": "1befb9e7a2364809bf7cbcdcf8201917_name",
    "isscale": "0",
    "ismorelocation": "0",
    "realTableColumn": "1befb9e7a2364809bf7cbcdcf8201917",
    "workspace_id": "1",
    "update_time": "1561801655896",
    "ui_type": "19",
    "field_order": 4,
    "update_user_id": "1047",
    "isNameShow": "true",
    "create_user_id": "1047",
    "formitem_group_id": "fa767710a84b40fa8e283a40fb1685c5",
    "isonly": "0",
    "isallowfile": "0",
    "create_time": "1561553846364",
    "company_id": "547",
    "isrequired": "0",
    "defaultvalue": "{}",
    "iscurrentuser": "0",
    "version": "1.0.12",
    "ismultiple": "0",
    "isalbum": "0",
    "issync_to_sysdic": "0",
    "name": "作业面名称",
    "isadjust": "0",
    "isallowphoto": "0",
    "template_id": "2417c825e036424e9be94867ab7a2ccd",
    "_id": "1befb9e7a2364809bf7cbcdcf8201917",
    "position": "left",
    "isautolevy": "0",
    "status": 0,
    "islevyallowedit": "0"
  }, {
    "isvisible": "1",
    "code": "47e36f5693764bb090b70a5f171accc9",
    "isedit": "1",
    "isscale": "0",
    "ismorelocation": "0",
    "realTableColumn": "47e36f5693764bb090b70a5f171accc9",
    "workspace_id": "1",
    "update_time": "1561801655896",
    "ui_type": "02",
    "field_order": 4,
    "update_user_id": "1047",
    "isNameShow": "false",
    "create_user_id": "1047",
    "formitem_group_id": "c6bf43618aae467da86154be9ba458f0",
    "isonly": "0",
    "isallowfile": "0",
    "create_time": "1561514113510",
    "company_id": "547",
    "isrequired": "0",
    "defaultvalue": "{\"value\":\"\"}",
    "iscurrentuser": "0",
    "version": "1.0.12",
    "ismultiple": "0",
    "isalbum": "0",
    "issync_to_sysdic": "0",
    "name": "备注",
    "isadjust": "0",
    "isallowphoto": "0",
    "template_id": "2417c825e036424e9be94867ab7a2ccd",
    "_id": "47e36f5693764bb090b70a5f171accc9",
    "position": "top",
    "isautolevy": "0",
    "status": 0,
    "islevyallowedit": "0"
  }, {
    "isvisible": "1",
    "code": "862e81166b114d8ca67e1722cd0d5894",
    "isedit": "1",
    "isscale": "0",
    "ismorelocation": "0",
    "realTableColumn": "862e81166b114d8ca67e1722cd0d5894",
    "workspace_id": "1",
    "update_time": "1561801655896",
    "ui_type": "14",
    "field_order": 4,
    "update_user_id": "1047",
    "isNameShow": "false",
    "create_user_id": "1047",
    "formitem_group_id": "3ef21007f83542d1b05d1ffd8aab992f",
    "isonly": "0",
    "isallowfile": "0",
    "create_time": "1561514085583",
    "company_id": "547",
    "isrequired": "0",
    "iscurrentuser": "0",
    "version": "1.0.12",
    "ismultiple": "0",
    "isalbum": "0",
    "issync_to_sysdic": "0",
    "name": "附件",
    "isadjust": "0",
    "isallowphoto": "1",
    "template_id": "2417c825e036424e9be94867ab7a2ccd",
    "_id": "862e81166b114d8ca67e1722cd0d5894",
    "position": "top",
    "isautolevy": "0",
    "status": 0,
    "islevyallowedit": "0"
  }, {
    "isvisible": "1",
    "code": "718156abdb7040a4b29cfbe85c8f6edd",
    "isedit": "1",
    "isscale": "0",
    "ismorelocation": "0",
    "realTableColumn": "718156abdb7040a4b29cfbe85c8f6edd",
    "workspace_id": "1",
    "update_time": "1561801655896",
    "ui_type": "02",
    "field_order": 5,
    "update_user_id": "1047",
    "isNameShow": "false",
    "create_user_id": "1047",
    "formitem_group_id": "fa767710a84b40fa8e283a40fb1685c5",
    "isonly": "0",
    "isallowfile": "0",
    "create_time": "1561553846365",
    "company_id": "547",
    "isrequired": "0",
    "defaultvalue": "{\"value\":\"\"}",
    "iscurrentuser": "0",
    "version": "1.0.12",
    "ismultiple": "0",
    "isalbum": "0",
    "issync_to_sysdic": "0",
    "name": "备注",
    "isadjust": "0",
    "isallowphoto": "0",
    "template_id": "2417c825e036424e9be94867ab7a2ccd",
    "_id": "718156abdb7040a4b29cfbe85c8f6edd",
    "position": "top",
    "isautolevy": "0",
    "status": 0,
    "islevyallowedit": "0"
  }, {
    "isvisible": "1",
    "code": "9eda32eeacf740b5816b30ac41f8988b",
    "isedit": "1",
    "isscale": "0",
    "ismorelocation": "0",
    "realTableColumn": "9eda32eeacf740b5816b30ac41f8988b",
    "workspace_id": "1",
    "update_time": "1561801655896",
    "ui_type": "14",
    "field_order": 5,
    "update_user_id": "1047",
    "isNameShow": "false",
    "create_user_id": "1047",
    "formitem_group_id": "c6bf43618aae467da86154be9ba458f0",
    "isonly": "0",
    "isallowfile": "0",
    "create_time": "1561514113511",
    "company_id": "547",
    "isrequired": "0",
    "iscurrentuser": "0",
    "version": "1.0.12",
    "ismultiple": "0",
    "isalbum": "0",
    "issync_to_sysdic": "0",
    "name": "附件",
    "isadjust": "0",
    "isallowphoto": "1",
    "template_id": "2417c825e036424e9be94867ab7a2ccd",
    "_id": "9eda32eeacf740b5816b30ac41f8988b",
    "position": "top",
    "isautolevy": "0",
    "status": 0,
    "islevyallowedit": "0"
  }, {
    "isvisible": "1",
    "formats": "",
    "code": "a4d3a7fc5c144363a8994272c04bb1ca",
    "isedit": "1",
    "isscale": "0",
    "ismorelocation": "0",
    "realTableColumn": "a4d3a7fc5c144363a8994272c04bb1ca",
    "workspace_id": "1",
    "update_time": "1561801655896",
    "ui_type": "01",
    "field_order": 5,
    "update_user_id": "1047",
    "isNameShow": "true",
    "create_user_id": "1047",
    "formitem_group_id": "a84ff4d4312248e1b62275ae3b988b34",
    "isonly": "0",
    "isallowfile": "0",
    "create_time": "1561514253919",
    "company_id": "547",
    "isrequired": "0",
    "defaultvalue": "{}",
    "iscurrentuser": "0",
    "version": "1.0.12",
    "ismultiple": "0",
    "isalbum": "0",
    "issync_to_sysdic": "0",
    "name": "工程性质",
    "isadjust": "0",
    "isallowphoto": "0",
    "template_id": "2417c825e036424e9be94867ab7a2ccd",
    "_id": "a4d3a7fc5c144363a8994272c04bb1ca",
    "position": "left",
    "isautolevy": "0",
    "status": 0,
    "islevyallowedit": "0"
  }, {
    "isvisible": "1",
    "code": "47cd87989e0e4d8bbeac61bc966ba0c0",
    "isedit": "1",
    "isscale": "0",
    "ismorelocation": "0",
    "realTableColumn": "47cd87989e0e4d8bbeac61bc966ba0c0",
    "workspace_id": "1",
    "update_time": "1561801655896",
    "ui_type": "04",
    "field_order": 6,
    "update_user_id": "24711",
    "isNameShow": "true",
    "create_user_id": "24711",
    "formitem_group_id": "fe2d96e2d91a4a3592067302110690fd",
    "isonly": "0",
    "isallowfile": "0",
    "create_time": "1561621077598",
    "company_id": "547",
    "isrequired": "1",
    "defaultvalue": "{\"dict\":{}}",
    "iscurrentuser": "0",
    "version": "1.0.12",
    "ismultiple": "0",
    "isalbum": "0",
    "issync_to_sysdic": "0",
    "name": "现场是否有设计图纸-四级",
    "isadjust": "0",
    "isallowphoto": "0",
    "template_id": "2417c825e036424e9be94867ab7a2ccd",
    "_id": "47cd87989e0e4d8bbeac61bc966ba0c0",
    "position": "left",
    "isautolevy": "0",
    "status": 0,
    "islevyallowedit": "0"
  }, {
    "isvisible": "1",
    "code": "5570d3eb77a8475cb1918bceaf39e79b",
    "isedit": "1",
    "isscale": "0",
    "ismorelocation": "0",
    "realTableColumn": "5570d3eb77a8475cb1918bceaf39e79b",
    "workspace_id": "1",
    "update_time": "1561801655896",
    "ui_type": "14",
    "field_order": 6,
    "update_user_id": "1047",
    "isNameShow": "false",
    "create_user_id": "1047",
    "formitem_group_id": "fa767710a84b40fa8e283a40fb1685c5",
    "isonly": "0",
    "isallowfile": "0",
    "create_time": "1561553846366",
    "company_id": "547",
    "isrequired": "0",
    "iscurrentuser": "0",
    "version": "1.0.12",
    "ismultiple": "0",
    "isalbum": "0",
    "issync_to_sysdic": "0",
    "name": "附件",
    "isadjust": "0",
    "isallowphoto": "1",
    "template_id": "2417c825e036424e9be94867ab7a2ccd",
    "_id": "5570d3eb77a8475cb1918bceaf39e79b",
    "position": "top",
    "isautolevy": "0",
    "status": 0,
    "islevyallowedit": "0"
  }, {
    "isvisible": "1",
    "code": "930e7a443cf649b8a216f48505c1c6e7",
    "isedit": "1",
    "isscale": "0",
    "ismorelocation": "0",
    "realTableColumn": "930e7a443cf649b8a216f48505c1c6e7",
    "workspace_id": "1",
    "update_time": "1561801655896",
    "ui_type": "02",
    "field_order": 6,
    "update_user_id": "1047",
    "isNameShow": "false",
    "create_user_id": "1047",
    "formitem_group_id": "a84ff4d4312248e1b62275ae3b988b34",
    "isonly": "0",
    "isallowfile": "0",
    "create_time": "1561514253920",
    "company_id": "547",
    "isrequired": "0",
    "defaultvalue": "{\"value\":\"\"}",
    "iscurrentuser": "0",
    "version": "1.0.12",
    "ismultiple": "0",
    "isalbum": "0",
    "issync_to_sysdic": "0",
    "name": "备注",
    "isadjust": "0",
    "isallowphoto": "0",
    "template_id": "2417c825e036424e9be94867ab7a2ccd",
    "_id": "930e7a443cf649b8a216f48505c1c6e7",
    "position": "top",
    "isautolevy": "0",
    "status": 0,
    "islevyallowedit": "0"
  }, {
    "isvisible": "1",
    "code": "2d0469de43ec4c79997f2ae9311ee9b3",
    "isedit": "1",
    "isscale": "0",
    "ismorelocation": "0",
    "realTableColumn": "2d0469de43ec4c79997f2ae9311ee9b3",
    "workspace_id": "1",
    "update_time": "1561801655896",
    "ui_type": "02",
    "field_order": 7,
    "update_user_id": "24711",
    "isNameShow": "false",
    "create_user_id": "24711",
    "formitem_group_id": "fe2d96e2d91a4a3592067302110690fd",
    "isonly": "0",
    "isallowfile": "0",
    "create_time": "1561621077599",
    "company_id": "547",
    "isrequired": "0",
    "defaultvalue": "{\"value\":\"\"}",
    "iscurrentuser": "0",
    "version": "1.0.12",
    "ismultiple": "0",
    "isalbum": "0",
    "issync_to_sysdic": "0",
    "name": "备注",
    "isadjust": "0",
    "isallowphoto": "0",
    "template_id": "2417c825e036424e9be94867ab7a2ccd",
    "_id": "2d0469de43ec4c79997f2ae9311ee9b3",
    "position": "top",
    "isautolevy": "0",
    "status": 0,
    "islevyallowedit": "0"
  }, {
    "isvisible": "1",
    "code": "97c9f520346f411abd30caaa60a98c4d",
    "isedit": "1",
    "isscale": "0",
    "ismorelocation": "0",
    "realTableColumn": "97c9f520346f411abd30caaa60a98c4d",
    "workspace_id": "1",
    "update_time": "1561801655896",
    "ui_type": "04",
    "field_order": 7,
    "update_user_id": "1047",
    "isNameShow": "true",
    "create_user_id": "1047",
    "formitem_group_id": "20719108d7c846c2911987adab008980",
    "isonly": "0",
    "isallowfile": "0",
    "create_time": "1561544153786",
    "company_id": "547",
    "isrequired": "0",
    "defaultvalue": "{\"dict\":{}}",
    "iscurrentuser": "0",
    "version": "1.0.12",
    "ismultiple": "0",
    "isalbum": "0",
    "issync_to_sysdic": "0",
    "name": "巷道施工质量是否符合要求",
    "isadjust": "0",
    "isallowphoto": "0",
    "template_id": "2417c825e036424e9be94867ab7a2ccd",
    "_id": "97c9f520346f411abd30caaa60a98c4d",
    "position": "left",
    "isautolevy": "0",
    "status": 0,
    "islevyallowedit": "0"
  }, {
    "isvisible": "1",
    "code": "9ab48e4e02eb4a9dac8c636449724b82",
    "isedit": "1",
    "isscale": "0",
    "ismorelocation": "0",
    "realTableColumn": "9ab48e4e02eb4a9dac8c636449724b82",
    "workspace_id": "1",
    "update_time": "1561801655896",
    "ui_type": "14",
    "field_order": 7,
    "update_user_id": "1047",
    "isNameShow": "false",
    "create_user_id": "1047",
    "formitem_group_id": "a84ff4d4312248e1b62275ae3b988b34",
    "isonly": "0",
    "isallowfile": "0",
    "create_time": "1561514253921",
    "company_id": "547",
    "isrequired": "0",
    "iscurrentuser": "0",
    "version": "1.0.12",
    "ismultiple": "0",
    "isalbum": "0",
    "issync_to_sysdic": "0",
    "name": "附件",
    "isadjust": "0",
    "isallowphoto": "1",
    "template_id": "2417c825e036424e9be94867ab7a2ccd",
    "_id": "9ab48e4e02eb4a9dac8c636449724b82",
    "position": "top",
    "isautolevy": "0",
    "status": 0,
    "islevyallowedit": "0"
  }, {
    "isvisible": "1",
    "code": "3d5f99bd400642a9b6fb807bf99acc1f",
    "isedit": "1",
    "isscale": "0",
    "ismorelocation": "0",
    "realTableColumn": "3d5f99bd400642a9b6fb807bf99acc1f",
    "workspace_id": "1",
    "update_time": "1561801655896",
    "ui_type": "04",
    "field_order": 8,
    "update_user_id": "1047",
    "isNameShow": "true",
    "create_user_id": "1047",
    "formitem_group_id": "95f324d5c8b9401a828725dcb4f1aa74",
    "isonly": "0",
    "isallowfile": "0",
    "create_time": "1561544366771",
    "company_id": "547",
    "isrequired": "1",
    "defaultvalue": "{\"dict\":{}}",
    "iscurrentuser": "0",
    "version": "1.0.12",
    "ismultiple": "0",
    "isalbum": "0",
    "issync_to_sysdic": "0",
    "name": "沿脉工程是否脱脉",
    "isadjust": "0",
    "isallowphoto": "0",
    "template_id": "2417c825e036424e9be94867ab7a2ccd",
    "_id": "3d5f99bd400642a9b6fb807bf99acc1f",
    "position": "left",
    "isautolevy": "0",
    "status": 0,
    "islevyallowedit": "0"
  }, {
    "isvisible": "1",
    "code": "ca9dc397ab8440fc9cecc519b67d576c",
    "isedit": "1",
    "isscale": "0",
    "ismorelocation": "0",
    "realTableColumn": "ca9dc397ab8440fc9cecc519b67d576c",
    "workspace_id": "1",
    "update_time": "1561801655896",
    "ui_type": "02",
    "field_order": 8,
    "update_user_id": "1047",
    "isNameShow": "false",
    "create_user_id": "1047",
    "formitem_group_id": "20719108d7c846c2911987adab008980",
    "isonly": "0",
    "isallowfile": "0",
    "create_time": "1561544153787",
    "company_id": "547",
    "isrequired": "0",
    "defaultvalue": "{\"value\":\"\"}",
    "iscurrentuser": "0",
    "version": "1.0.12",
    "ismultiple": "0",
    "isalbum": "0",
    "issync_to_sysdic": "0",
    "name": "备注",
    "isadjust": "0",
    "isallowphoto": "0",
    "template_id": "2417c825e036424e9be94867ab7a2ccd",
    "_id": "ca9dc397ab8440fc9cecc519b67d576c",
    "position": "top",
    "isautolevy": "0",
    "status": 0,
    "islevyallowedit": "0"
  }, {
    "isvisible": "1",
    "code": "ebad89b53982483c9182276cfe2306c2",
    "isedit": "1",
    "isscale": "0",
    "ismorelocation": "0",
    "realTableColumn": "ebad89b53982483c9182276cfe2306c2",
    "workspace_id": "1",
    "update_time": "1561801655896",
    "ui_type": "14",
    "field_order": 8,
    "update_user_id": "24711",
    "isNameShow": "false",
    "create_user_id": "24711",
    "formitem_group_id": "fe2d96e2d91a4a3592067302110690fd",
    "isonly": "0",
    "isallowfile": "0",
    "create_time": "1561621077599",
    "company_id": "547",
    "isrequired": "0",
    "iscurrentuser": "0",
    "version": "1.0.12",
    "ismultiple": "0",
    "isalbum": "0",
    "issync_to_sysdic": "0",
    "name": "附件",
    "isadjust": "0",
    "isallowphoto": "1",
    "template_id": "2417c825e036424e9be94867ab7a2ccd",
    "_id": "ebad89b53982483c9182276cfe2306c2",
    "position": "top",
    "isautolevy": "0",
    "status": 0,
    "islevyallowedit": "0"
  }, {
    "isvisible": "1",
    "code": "a28a5d4b26844d1e8e49c9c8a7ce1f79",
    "isedit": "1",
    "isscale": "0",
    "ismorelocation": "0",
    "realTableColumn": "a28a5d4b26844d1e8e49c9c8a7ce1f79",
    "workspace_id": "1",
    "update_time": "1561801655896",
    "ui_type": "04",
    "field_order": 9,
    "update_user_id": "24711",
    "isNameShow": "true",
    "create_user_id": "24711",
    "formitem_group_id": "1e383569f971421f9e703f72f6759cf7",
    "isonly": "0",
    "isallowfile": "0",
    "create_time": "1561628376492",
    "company_id": "547",
    "isrequired": "0",
    "defaultvalue": "{\"dict\":{}}",
    "iscurrentuser": "0",
    "version": "1.0.12",
    "ismultiple": "0",
    "isalbum": "0",
    "issync_to_sysdic": "0",
    "name": "穿脉达到设计目的后是否及时停工",
    "isadjust": "0",
    "isallowphoto": "0",
    "template_id": "2417c825e036424e9be94867ab7a2ccd",
    "_id": "a28a5d4b26844d1e8e49c9c8a7ce1f79",
    "position": "left",
    "isautolevy": "0",
    "status": 0,
    "islevyallowedit": "0"
  }, {
    "isvisible": "1",
    "code": "a97f415e14c241c7bde3567d8eb5f08b",
    "isedit": "1",
    "isscale": "0",
    "ismorelocation": "0",
    "realTableColumn": "a97f415e14c241c7bde3567d8eb5f08b",
    "workspace_id": "1",
    "update_time": "1561801655896",
    "ui_type": "02",
    "field_order": 9,
    "update_user_id": "1047",
    "isNameShow": "false",
    "create_user_id": "1047",
    "formitem_group_id": "95f324d5c8b9401a828725dcb4f1aa74",
    "isonly": "0",
    "isallowfile": "0",
    "create_time": "1561544366772",
    "company_id": "547",
    "isrequired": "0",
    "defaultvalue": "{\"value\":\"\"}",
    "iscurrentuser": "0",
    "version": "1.0.12",
    "ismultiple": "0",
    "isalbum": "0",
    "issync_to_sysdic": "0",
    "name": "备注",
    "isadjust": "0",
    "isallowphoto": "0",
    "template_id": "2417c825e036424e9be94867ab7a2ccd",
    "_id": "a97f415e14c241c7bde3567d8eb5f08b",
    "position": "top",
    "isautolevy": "0",
    "status": 0,
    "islevyallowedit": "0"
  }, {
    "isvisible": "1",
    "code": "c5e4643f3a4d4606bfeef18452e4e817",
    "isedit": "1",
    "isscale": "0",
    "ismorelocation": "0",
    "realTableColumn": "c5e4643f3a4d4606bfeef18452e4e817",
    "workspace_id": "1",
    "update_time": "1561801655896",
    "ui_type": "14",
    "field_order": 9,
    "update_user_id": "1047",
    "isNameShow": "false",
    "create_user_id": "1047",
    "formitem_group_id": "20719108d7c846c2911987adab008980",
    "isonly": "0",
    "isallowfile": "0",
    "create_time": "1561544153787",
    "company_id": "547",
    "isrequired": "0",
    "iscurrentuser": "0",
    "version": "1.0.12",
    "ismultiple": "0",
    "isalbum": "0",
    "issync_to_sysdic": "0",
    "name": "附件",
    "isadjust": "0",
    "isallowphoto": "1",
    "template_id": "2417c825e036424e9be94867ab7a2ccd",
    "_id": "c5e4643f3a4d4606bfeef18452e4e817",
    "position": "top",
    "isautolevy": "0",
    "status": 0,
    "islevyallowedit": "0"
  }, {
    "isvisible": "1",
    "code": "cf46280264984076b5054f383844108a",
    "isedit": "1",
    "isscale": "0",
    "ismorelocation": "0",
    "realTableColumn": "cf46280264984076b5054f383844108a",
    "workspace_id": "1",
    "update_time": "1561801655896",
    "ui_type": "04",
    "field_order": 10,
    "update_user_id": "1047",
    "isNameShow": "true",
    "create_user_id": "1047",
    "formitem_group_id": "711081143fe24623a568479c7e43dce0",
    "isonly": "0",
    "isallowfile": "0",
    "create_time": "1561513821747",
    "company_id": "547",
    "isrequired": "0",
    "defaultvalue": "{\"dict\":{}}",
    "iscurrentuser": "0",
    "version": "1.0.12",
    "ismultiple": "0",
    "isalbum": "0",
    "issync_to_sysdic": "0",
    "name": "定向工程方位是否与设计相符",
    "isadjust": "0",
    "isallowphoto": "0",
    "template_id": "2417c825e036424e9be94867ab7a2ccd",
    "_id": "cf46280264984076b5054f383844108a",
    "position": "left",
    "isautolevy": "0",
    "status": 0,
    "islevyallowedit": "0"
  }, {
    "isvisible": "1",
    "code": "e9e8c03107264ab9935183e4b36dea52",
    "isedit": "1",
    "isscale": "0",
    "ismorelocation": "0",
    "realTableColumn": "e9e8c03107264ab9935183e4b36dea52",
    "workspace_id": "1",
    "update_time": "1561801655896",
    "ui_type": "02",
    "field_order": 10,
    "update_user_id": "24711",
    "isNameShow": "false",
    "create_user_id": "24711",
    "formitem_group_id": "1e383569f971421f9e703f72f6759cf7",
    "isonly": "0",
    "isallowfile": "0",
    "create_time": "1561628376493",
    "company_id": "547",
    "isrequired": "0",
    "defaultvalue": "{\"value\":\"\"}",
    "iscurrentuser": "0",
    "version": "1.0.12",
    "ismultiple": "0",
    "isalbum": "0",
    "issync_to_sysdic": "0",
    "name": "备注",
    "isadjust": "0",
    "isallowphoto": "0",
    "template_id": "2417c825e036424e9be94867ab7a2ccd",
    "_id": "e9e8c03107264ab9935183e4b36dea52",
    "position": "top",
    "isautolevy": "0",
    "status": 0,
    "islevyallowedit": "0"
  }, {
    "isvisible": "1",
    "code": "f0f21961810243eaa99021e923669e36",
    "isedit": "1",
    "isscale": "0",
    "ismorelocation": "0",
    "realTableColumn": "f0f21961810243eaa99021e923669e36",
    "workspace_id": "1",
    "update_time": "1561801655896",
    "ui_type": "14",
    "field_order": 10,
    "update_user_id": "1047",
    "isNameShow": "false",
    "create_user_id": "1047",
    "formitem_group_id": "95f324d5c8b9401a828725dcb4f1aa74",
    "isonly": "0",
    "isallowfile": "0",
    "create_time": "1561544366773",
    "company_id": "547",
    "isrequired": "0",
    "iscurrentuser": "0",
    "version": "1.0.12",
    "ismultiple": "0",
    "isalbum": "0",
    "issync_to_sysdic": "0",
    "name": "附件",
    "isadjust": "0",
    "isallowphoto": "1",
    "template_id": "2417c825e036424e9be94867ab7a2ccd",
    "_id": "f0f21961810243eaa99021e923669e36",
    "position": "top",
    "isautolevy": "0",
    "status": 0,
    "islevyallowedit": "0"
  }, {
    "isvisible": "1",
    "code": "01ade024341d453d8e093774c3a1e713",
    "isedit": "1",
    "isscale": "0",
    "ismorelocation": "0",
    "realTableColumn": "01ade024341d453d8e093774c3a1e713",
    "workspace_id": "1",
    "update_time": "1561801655896",
    "ui_type": "14",
    "field_order": 11,
    "update_user_id": "24711",
    "isNameShow": "false",
    "create_user_id": "24711",
    "formitem_group_id": "1e383569f971421f9e703f72f6759cf7",
    "isonly": "0",
    "isallowfile": "0",
    "create_time": "1561628376493",
    "company_id": "547",
    "isrequired": "0",
    "iscurrentuser": "0",
    "version": "1.0.12",
    "ismultiple": "0",
    "isalbum": "0",
    "issync_to_sysdic": "0",
    "name": "附件",
    "isadjust": "0",
    "isallowphoto": "1",
    "template_id": "2417c825e036424e9be94867ab7a2ccd",
    "_id": "01ade024341d453d8e093774c3a1e713",
    "position": "top",
    "isautolevy": "0",
    "status": 0,
    "islevyallowedit": "0"
  }, {
    "isvisible": "1",
    "code": "96204da386674129849ca824a44fd59d",
    "isedit": "1",
    "isscale": "0",
    "ismorelocation": "0",
    "realTableColumn": "96204da386674129849ca824a44fd59d",
    "workspace_id": "1",
    "update_time": "1561801655896",
    "ui_type": "02",
    "field_order": 11,
    "update_user_id": "1047",
    "isNameShow": "false",
    "create_user_id": "1047",
    "formitem_group_id": "711081143fe24623a568479c7e43dce0",
    "isonly": "0",
    "isallowfile": "0",
    "create_time": "1561513821748",
    "company_id": "547",
    "isrequired": "0",
    "defaultvalue": "{\"value\":\"\"}",
    "iscurrentuser": "0",
    "version": "1.0.12",
    "ismultiple": "0",
    "isalbum": "0",
    "issync_to_sysdic": "0",
    "name": "备注",
    "isadjust": "0",
    "isallowphoto": "0",
    "template_id": "2417c825e036424e9be94867ab7a2ccd",
    "_id": "96204da386674129849ca824a44fd59d",
    "position": "top",
    "isautolevy": "0",
    "status": 0,
    "islevyallowedit": "0"
  }, {
    "isvisible": "1",
    "code": "f7766ccde32643ef80d5faffc111a367",
    "isedit": "1",
    "isscale": "0",
    "ismorelocation": "0",
    "realTableColumn": "f7766ccde32643ef80d5faffc111a367",
    "workspace_id": "1",
    "update_time": "1561801655896",
    "ui_type": "04",
    "field_order": 11,
    "update_user_id": "1047",
    "isNameShow": "true",
    "create_user_id": "1047",
    "formitem_group_id": "ce997a56539c4d16ab994fad035bd6c4",
    "isonly": "0",
    "isallowfile": "0",
    "create_time": "1561543503006",
    "company_id": "547",
    "isrequired": "1",
    "defaultvalue": "{\"dict\":{}}",
    "iscurrentuser": "0",
    "version": "1.0.12",
    "ismultiple": "0",
    "isalbum": "0",
    "issync_to_sysdic": "0",
    "name": "是否存在安全隐患-三级",
    "isadjust": "0",
    "isallowphoto": "0",
    "template_id": "2417c825e036424e9be94867ab7a2ccd",
    "_id": "f7766ccde32643ef80d5faffc111a367",
    "position": "left",
    "isautolevy": "0",
    "status": 0,
    "islevyallowedit": "0"
  }, {
    "isvisible": "1",
    "code": "81694bc46bc1444aaea2e65acf271f86",
    "isedit": "1",
    "isscale": "0",
    "ismorelocation": "0",
    "realTableColumn": "81694bc46bc1444aaea2e65acf271f86",
    "workspace_id": "1",
    "update_time": "1561801655896",
    "ui_type": "14",
    "field_order": 12,
    "update_user_id": "1047",
    "isNameShow": "false",
    "create_user_id": "1047",
    "formitem_group_id": "711081143fe24623a568479c7e43dce0",
    "isonly": "0",
    "isallowfile": "0",
    "create_time": "1561513821749",
    "company_id": "547",
    "isrequired": "0",
    "iscurrentuser": "0",
    "version": "1.0.12",
    "ismultiple": "0",
    "isalbum": "0",
    "issync_to_sysdic": "0",
    "name": "附件",
    "isadjust": "0",
    "isallowphoto": "1",
    "template_id": "2417c825e036424e9be94867ab7a2ccd",
    "_id": "81694bc46bc1444aaea2e65acf271f86",
    "position": "top",
    "isautolevy": "0",
    "status": 0,
    "islevyallowedit": "0"
  }, {
    "isvisible": "1",
    "code": "b2705397fdd7408d8f17b7b329b52f3f",
    "isedit": "1",
    "isscale": "0",
    "ismorelocation": "0",
    "realTableColumn": "b2705397fdd7408d8f17b7b329b52f3f",
    "workspace_id": "1",
    "update_time": "1561801655896",
    "ui_type": "04",
    "field_order": 12,
    "update_user_id": "1047",
    "isNameShow": "true",
    "create_user_id": "1047",
    "formitem_group_id": "0e96d7a029664afaa3d270701123bc50",
    "isonly": "0",
    "isallowfile": "0",
    "create_time": "1561521020709",
    "company_id": "547",
    "isrequired": "1",
    "defaultvalue": "{}",
    "iscurrentuser": "0",
    "version": "1.0.12",
    "ismultiple": "0",
    "isalbum": "0",
    "issync_to_sysdic": "0",
    "name": "施工场地卫生是否干净整洁-四级",
    "isadjust": "0",
    "isallowphoto": "0",
    "template_id": "2417c825e036424e9be94867ab7a2ccd",
    "_id": "b2705397fdd7408d8f17b7b329b52f3f",
    "position": "left",
    "isautolevy": "0",
    "status": 0,
    "islevyallowedit": "0"
  }, {
    "isvisible": "1",
    "code": "e9f4c0d07e6542b6931d4a8a6771f277",
    "isedit": "1",
    "isscale": "0",
    "ismorelocation": "0",
    "realTableColumn": "e9f4c0d07e6542b6931d4a8a6771f277",
    "workspace_id": "1",
    "update_time": "1561801655896",
    "ui_type": "02",
    "field_order": 12,
    "update_user_id": "1047",
    "isNameShow": "false",
    "create_user_id": "1047",
    "formitem_group_id": "ce997a56539c4d16ab994fad035bd6c4",
    "isonly": "0",
    "isallowfile": "0",
    "create_time": "1561543503007",
    "company_id": "547",
    "isrequired": "0",
    "defaultvalue": "{\"value\":\"\"}",
    "iscurrentuser": "0",
    "version": "1.0.12",
    "ismultiple": "0",
    "isalbum": "0",
    "issync_to_sysdic": "0",
    "name": "备注",
    "isadjust": "0",
    "isallowphoto": "0",
    "template_id": "2417c825e036424e9be94867ab7a2ccd",
    "_id": "e9f4c0d07e6542b6931d4a8a6771f277",
    "position": "top",
    "isautolevy": "0",
    "status": 0,
    "islevyallowedit": "0"
  }, {
    "isvisible": "1",
    "code": "319d3cc07e3d4ee5958793dcfa668d90",
    "isedit": "1",
    "isscale": "0",
    "ismorelocation": "0",
    "realTableColumn": "319d3cc07e3d4ee5958793dcfa668d90",
    "workspace_id": "1",
    "update_time": "1561801655896",
    "ui_type": "04",
    "field_order": 13,
    "update_user_id": "1047",
    "isNameShow": "true",
    "create_user_id": "1047",
    "formitem_group_id": "7647754a64cd47a3aa57b29ed5654a7d",
    "isonly": "0",
    "isallowfile": "0",
    "create_time": "1561514200991",
    "company_id": "547",
    "isrequired": "0",
    "defaultvalue": "{\"dict\":{}}",
    "iscurrentuser": "0",
    "version": "1.0.12",
    "ismultiple": "0",
    "isalbum": "0",
    "issync_to_sysdic": "0",
    "name": "工程是否见矿",
    "isadjust": "0",
    "isallowphoto": "0",
    "template_id": "2417c825e036424e9be94867ab7a2ccd",
    "_id": "319d3cc07e3d4ee5958793dcfa668d90",
    "position": "left",
    "isautolevy": "0",
    "status": 0,
    "islevyallowedit": "0"
  }, {
    "isvisible": "1",
    "code": "8a5f0de82683492ea1d22148e18e0f01",
    "isedit": "1",
    "isscale": "0",
    "ismorelocation": "0",
    "realTableColumn": "8a5f0de82683492ea1d22148e18e0f01",
    "workspace_id": "1",
    "update_time": "1561801655896",
    "ui_type": "02",
    "field_order": 13,
    "update_user_id": "1047",
    "isNameShow": "false",
    "create_user_id": "1047",
    "formitem_group_id": "0e96d7a029664afaa3d270701123bc50",
    "isonly": "0",
    "isallowfile": "0",
    "create_time": "1561521020710",
    "company_id": "547",
    "isrequired": "0",
    "defaultvalue": "{\"value\":\"\"}",
    "iscurrentuser": "0",
    "version": "1.0.12",
    "ismultiple": "0",
    "isalbum": "0",
    "issync_to_sysdic": "0",
    "name": "备注",
    "isadjust": "0",
    "isallowphoto": "0",
    "template_id": "2417c825e036424e9be94867ab7a2ccd",
    "_id": "8a5f0de82683492ea1d22148e18e0f01",
    "position": "top",
    "isautolevy": "0",
    "status": 0,
    "islevyallowedit": "0"
  }, {
    "isvisible": "1",
    "code": "ddd00892c61c406c90e5e421b278eb70",
    "isedit": "1",
    "isscale": "0",
    "ismorelocation": "0",
    "realTableColumn": "ddd00892c61c406c90e5e421b278eb70",
    "workspace_id": "1",
    "update_time": "1561801655896",
    "ui_type": "14",
    "field_order": 13,
    "update_user_id": "1047",
    "isNameShow": "false",
    "create_user_id": "1047",
    "formitem_group_id": "ce997a56539c4d16ab994fad035bd6c4",
    "isonly": "0",
    "isallowfile": "0",
    "create_time": "1561543503008",
    "company_id": "547",
    "isrequired": "0",
    "iscurrentuser": "0",
    "version": "1.0.12",
    "ismultiple": "0",
    "isalbum": "0",
    "issync_to_sysdic": "0",
    "name": "附件",
    "isadjust": "0",
    "isallowphoto": "1",
    "template_id": "2417c825e036424e9be94867ab7a2ccd",
    "_id": "ddd00892c61c406c90e5e421b278eb70",
    "position": "top",
    "isautolevy": "0",
    "status": 0,
    "islevyallowedit": "0"
  }, {
    "isvisible": "1",
    "code": "0107aa3871e84624b76461802bba96db",
    "isedit": "1",
    "isscale": "0",
    "ismorelocation": "0",
    "realTableColumn": "0107aa3871e84624b76461802bba96db",
    "workspace_id": "1",
    "update_time": "1561801655896",
    "ui_type": "14",
    "field_order": 14,
    "update_user_id": "1047",
    "isNameShow": "false",
    "create_user_id": "1047",
    "formitem_group_id": "0e96d7a029664afaa3d270701123bc50",
    "isonly": "0",
    "isallowfile": "0",
    "create_time": "1561521020710",
    "company_id": "547",
    "isrequired": "0",
    "iscurrentuser": "0",
    "version": "1.0.12",
    "ismultiple": "0",
    "isalbum": "0",
    "issync_to_sysdic": "0",
    "name": "附件",
    "isadjust": "0",
    "isallowphoto": "1",
    "template_id": "2417c825e036424e9be94867ab7a2ccd",
    "_id": "0107aa3871e84624b76461802bba96db",
    "position": "top",
    "isautolevy": "0",
    "status": 0,
    "islevyallowedit": "0"
  }, {
    "isvisible": "1",
    "code": "58ca95561a6243bc8e9f4071866ed87a",
    "isedit": "1",
    "isscale": "0",
    "ismorelocation": "0",
    "realTableColumn": "58ca95561a6243bc8e9f4071866ed87a",
    "workspace_id": "1",
    "update_time": "1561801655896",
    "ui_type": "04",
    "field_order": 14,
    "update_user_id": "1047",
    "isNameShow": "true",
    "create_user_id": "1047",
    "formitem_group_id": "9378d53630694ad5b1752bbbbf046c69",
    "isonly": "0",
    "isallowfile": "0",
    "create_time": "1561543635753",
    "company_id": "547",
    "isrequired": "1",
    "defaultvalue": "{\"dict\":{}}",
    "iscurrentuser": "0",
    "version": "1.0.12",
    "ismultiple": "0",
    "isalbum": "0",
    "issync_to_sysdic": "0",
    "name": "探矿工程编录是否及时",
    "isadjust": "0",
    "isallowphoto": "0",
    "template_id": "2417c825e036424e9be94867ab7a2ccd",
    "_id": "58ca95561a6243bc8e9f4071866ed87a",
    "position": "left",
    "isautolevy": "0",
    "status": 0,
    "islevyallowedit": "0"
  }, {
    "isvisible": "1",
    "code": "d20da65fa81f4f32ab1b2e329b89d951",
    "isedit": "1",
    "isscale": "0",
    "ismorelocation": "0",
    "realTableColumn": "d20da65fa81f4f32ab1b2e329b89d951",
    "workspace_id": "1",
    "update_time": "1561801655896",
    "ui_type": "02",
    "field_order": 14,
    "update_user_id": "1047",
    "isNameShow": "false",
    "create_user_id": "1047",
    "formitem_group_id": "7647754a64cd47a3aa57b29ed5654a7d",
    "isonly": "0",
    "isallowfile": "0",
    "create_time": "1561514200992",
    "company_id": "547",
    "isrequired": "0",
    "defaultvalue": "{\"value\":\"\"}",
    "iscurrentuser": "0",
    "version": "1.0.12",
    "ismultiple": "0",
    "isalbum": "0",
    "issync_to_sysdic": "0",
    "name": "备注",
    "isadjust": "0",
    "isallowphoto": "0",
    "template_id": "2417c825e036424e9be94867ab7a2ccd",
    "_id": "d20da65fa81f4f32ab1b2e329b89d951",
    "position": "top",
    "isautolevy": "0",
    "status": 0,
    "islevyallowedit": "0"
  }, {
    "isvisible": "1",
    "code": "129422d93e724063a018c51ffdf47e68",
    "isedit": "1",
    "isscale": "0",
    "ismorelocation": "0",
    "realTableColumn": "129422d93e724063a018c51ffdf47e68",
    "workspace_id": "1",
    "update_time": "1561801655896",
    "ui_type": "04",
    "field_order": 15,
    "update_user_id": "1047",
    "isNameShow": "true",
    "create_user_id": "1047",
    "formitem_group_id": "0073a55d99c14e2bae29b624fe6d2d13",
    "isonly": "0",
    "isallowfile": "0",
    "create_time": "1561513629081",
    "company_id": "547",
    "isrequired": "1",
    "defaultvalue": "{\"dict\":{}}",
    "iscurrentuser": "0",
    "version": "1.0.12",
    "ismultiple": "0",
    "isalbum": "0",
    "issync_to_sysdic": "0",
    "name": "布样位置是否合理、正确",
    "isadjust": "0",
    "isallowphoto": "0",
    "template_id": "2417c825e036424e9be94867ab7a2ccd",
    "_id": "129422d93e724063a018c51ffdf47e68",
    "position": "left",
    "isautolevy": "0",
    "status": 0,
    "islevyallowedit": "0"
  }, {
    "isvisible": "1",
    "code": "35773c166e04469f98f517ede1c76ef7",
    "isedit": "1",
    "isscale": "0",
    "ismorelocation": "0",
    "realTableColumn": "35773c166e04469f98f517ede1c76ef7",
    "workspace_id": "1",
    "update_time": "1561801655896",
    "ui_type": "02",
    "field_order": 15,
    "update_user_id": "1047",
    "isNameShow": "false",
    "create_user_id": "1047",
    "formitem_group_id": "9378d53630694ad5b1752bbbbf046c69",
    "isonly": "0",
    "isallowfile": "0",
    "create_time": "1561543635754",
    "company_id": "547",
    "isrequired": "0",
    "defaultvalue": "{\"value\":\"\"}",
    "iscurrentuser": "0",
    "version": "1.0.12",
    "ismultiple": "0",
    "isalbum": "0",
    "issync_to_sysdic": "0",
    "name": "备注",
    "isadjust": "0",
    "isallowphoto": "0",
    "template_id": "2417c825e036424e9be94867ab7a2ccd",
    "_id": "35773c166e04469f98f517ede1c76ef7",
    "position": "top",
    "isautolevy": "0",
    "status": 0,
    "islevyallowedit": "0"
  }, {
    "isvisible": "1",
    "code": "5a155e29675a41bfa5e4a2a996b74897",
    "isedit": "1",
    "isscale": "0",
    "ismorelocation": "0",
    "realTableColumn": "5a155e29675a41bfa5e4a2a996b74897",
    "workspace_id": "1",
    "update_time": "1561801655897",
    "ui_type": "14",
    "field_order": 15,
    "update_user_id": "1047",
    "isNameShow": "false",
    "create_user_id": "1047",
    "formitem_group_id": "7647754a64cd47a3aa57b29ed5654a7d",
    "isonly": "0",
    "isallowfile": "0",
    "create_time": "1561514200993",
    "company_id": "547",
    "isrequired": "0",
    "iscurrentuser": "0",
    "version": "1.0.12",
    "ismultiple": "0",
    "isalbum": "0",
    "issync_to_sysdic": "0",
    "name": "附件",
    "isadjust": "0",
    "isallowphoto": "1",
    "template_id": "2417c825e036424e9be94867ab7a2ccd",
    "_id": "5a155e29675a41bfa5e4a2a996b74897",
    "position": "top",
    "isautolevy": "0",
    "status": 0,
    "islevyallowedit": "0"
  }, {
    "isvisible": "1",
    "code": "985853bf6668497c8775444e3cb6d5ab",
    "isedit": "1",
    "isscale": "0",
    "ismorelocation": "0",
    "realTableColumn": "985853bf6668497c8775444e3cb6d5ab",
    "workspace_id": "1",
    "update_time": "1561801655897",
    "ui_type": "04",
    "field_order": 16,
    "update_user_id": "24711",
    "isNameShow": "true",
    "create_user_id": "24711",
    "formitem_group_id": "4e4beda43ad94c17807072679d6e8eeb",
    "isonly": "0",
    "isallowfile": "0",
    "create_time": "1561628401452",
    "company_id": "547",
    "isrequired": "1",
    "defaultvalue": "{\"dict\":{}}",
    "iscurrentuser": "0",
    "version": "1.0.12",
    "ismultiple": "0",
    "isalbum": "0",
    "issync_to_sysdic": "0",
    "name": "样槽或打样深度是否达到要求",
    "isadjust": "0",
    "isallowphoto": "0",
    "template_id": "2417c825e036424e9be94867ab7a2ccd",
    "_id": "985853bf6668497c8775444e3cb6d5ab",
    "position": "left",
    "isautolevy": "0",
    "status": 0,
    "islevyallowedit": "0"
  }, {
    "isvisible": "1",
    "code": "ed33597fe3af4ec189cedde18f9378b1",
    "isedit": "1",
    "isscale": "0",
    "ismorelocation": "0",
    "realTableColumn": "ed33597fe3af4ec189cedde18f9378b1",
    "workspace_id": "1",
    "update_time": "1561801655897",
    "ui_type": "02",
    "field_order": 16,
    "update_user_id": "1047",
    "isNameShow": "false",
    "create_user_id": "1047",
    "formitem_group_id": "0073a55d99c14e2bae29b624fe6d2d13",
    "isonly": "0",
    "isallowfile": "0",
    "create_time": "1561513629082",
    "company_id": "547",
    "isrequired": "0",
    "defaultvalue": "{\"value\":\"\"}",
    "iscurrentuser": "0",
    "version": "1.0.12",
    "ismultiple": "0",
    "isalbum": "0",
    "issync_to_sysdic": "0",
    "name": "备注",
    "isadjust": "0",
    "isallowphoto": "0",
    "template_id": "2417c825e036424e9be94867ab7a2ccd",
    "_id": "ed33597fe3af4ec189cedde18f9378b1",
    "position": "top",
    "isautolevy": "0",
    "status": 0,
    "islevyallowedit": "0"
  }, {
    "isvisible": "1",
    "code": "fb5c654ad5b04372ac51362a74995fd6",
    "isedit": "1",
    "isscale": "0",
    "ismorelocation": "0",
    "realTableColumn": "fb5c654ad5b04372ac51362a74995fd6",
    "workspace_id": "1",
    "update_time": "1561801655897",
    "ui_type": "14",
    "field_order": 16,
    "update_user_id": "1047",
    "isNameShow": "false",
    "create_user_id": "1047",
    "formitem_group_id": "9378d53630694ad5b1752bbbbf046c69",
    "isonly": "0",
    "isallowfile": "0",
    "create_time": "1561543635755",
    "company_id": "547",
    "isrequired": "0",
    "iscurrentuser": "0",
    "version": "1.0.12",
    "ismultiple": "0",
    "isalbum": "0",
    "issync_to_sysdic": "0",
    "name": "附件",
    "isadjust": "0",
    "isallowphoto": "1",
    "template_id": "2417c825e036424e9be94867ab7a2ccd",
    "_id": "fb5c654ad5b04372ac51362a74995fd6",
    "position": "top",
    "isautolevy": "0",
    "status": 0,
    "islevyallowedit": "0"
  }, {
    "isvisible": "1",
    "code": "273300d5333d4c2fa2bcf59522308db9",
    "isedit": "1",
    "isscale": "0",
    "ismorelocation": "0",
    "realTableColumn": "273300d5333d4c2fa2bcf59522308db9",
    "workspace_id": "1",
    "update_time": "1561801655897",
    "ui_type": "04",
    "field_order": 17,
    "update_user_id": "1047",
    "isNameShow": "true",
    "create_user_id": "1047",
    "formitem_group_id": "08330b440a4a4aeca8031f34b286b3b1",
    "isonly": "0",
    "isallowfile": "0",
    "create_time": "1561514672651",
    "company_id": "547",
    "isrequired": "1",
    "defaultvalue": "{\"dict\":{}}",
    "iscurrentuser": "0",
    "version": "1.0.12",
    "ismultiple": "0",
    "isalbum": "0",
    "issync_to_sysdic": "0",
    "name": "矿化样品是否有封边样",
    "isadjust": "0",
    "isallowphoto": "0",
    "template_id": "2417c825e036424e9be94867ab7a2ccd",
    "_id": "273300d5333d4c2fa2bcf59522308db9",
    "position": "left",
    "isautolevy": "0",
    "status": 0,
    "islevyallowedit": "0"
  }, {
    "isvisible": "1",
    "code": "64b60e9d7c9c4504aaa9331ad0233c58",
    "isedit": "1",
    "isscale": "0",
    "ismorelocation": "0",
    "realTableColumn": "64b60e9d7c9c4504aaa9331ad0233c58",
    "workspace_id": "1",
    "update_time": "1561801655897",
    "ui_type": "14",
    "field_order": 17,
    "update_user_id": "1047",
    "isNameShow": "false",
    "create_user_id": "1047",
    "formitem_group_id": "0073a55d99c14e2bae29b624fe6d2d13",
    "isonly": "0",
    "isallowfile": "0",
    "create_time": "1561513629082",
    "company_id": "547",
    "isrequired": "0",
    "iscurrentuser": "0",
    "version": "1.0.12",
    "ismultiple": "0",
    "isalbum": "0",
    "issync_to_sysdic": "0",
    "name": "附件",
    "isadjust": "0",
    "isallowphoto": "1",
    "template_id": "2417c825e036424e9be94867ab7a2ccd",
    "_id": "64b60e9d7c9c4504aaa9331ad0233c58",
    "position": "top",
    "isautolevy": "0",
    "status": 0,
    "islevyallowedit": "0"
  }, {
    "isvisible": "1",
    "code": "e84a82be078047c0875646dfd6b2bafb",
    "isedit": "1",
    "isscale": "0",
    "ismorelocation": "0",
    "realTableColumn": "e84a82be078047c0875646dfd6b2bafb",
    "workspace_id": "1",
    "update_time": "1561801655897",
    "ui_type": "02",
    "field_order": 17,
    "update_user_id": "24711",
    "isNameShow": "false",
    "create_user_id": "24711",
    "formitem_group_id": "4e4beda43ad94c17807072679d6e8eeb",
    "isonly": "0",
    "isallowfile": "0",
    "create_time": "1561628401453",
    "company_id": "547",
    "isrequired": "0",
    "defaultvalue": "{\"value\":\"\"}",
    "iscurrentuser": "0",
    "version": "1.0.12",
    "ismultiple": "0",
    "isalbum": "0",
    "issync_to_sysdic": "0",
    "name": "备注",
    "isadjust": "0",
    "isallowphoto": "0",
    "template_id": "2417c825e036424e9be94867ab7a2ccd",
    "_id": "e84a82be078047c0875646dfd6b2bafb",
    "position": "top",
    "isautolevy": "0",
    "status": 0,
    "islevyallowedit": "0"
  }, {
    "isvisible": "1",
    "code": "4bed8fa1af4a4ab8b38e74083ba28c61",
    "isedit": "1",
    "isscale": "0",
    "ismorelocation": "0",
    "realTableColumn": "4bed8fa1af4a4ab8b38e74083ba28c61",
    "workspace_id": "1",
    "update_time": "1561801655897",
    "ui_type": "02",
    "field_order": 18,
    "update_user_id": "1047",
    "isNameShow": "false",
    "create_user_id": "1047",
    "formitem_group_id": "08330b440a4a4aeca8031f34b286b3b1",
    "isonly": "0",
    "isallowfile": "0",
    "create_time": "1561514672652",
    "company_id": "547",
    "isrequired": "0",
    "defaultvalue": "{\"value\":\"\"}",
    "iscurrentuser": "0",
    "version": "1.0.12",
    "ismultiple": "0",
    "isalbum": "0",
    "issync_to_sysdic": "0",
    "name": "备注",
    "isadjust": "0",
    "isallowphoto": "0",
    "template_id": "2417c825e036424e9be94867ab7a2ccd",
    "_id": "4bed8fa1af4a4ab8b38e74083ba28c61",
    "position": "top",
    "isautolevy": "0",
    "status": 0,
    "islevyallowedit": "0"
  }, {
    "isvisible": "1",
    "code": "71c9fe3f0b2c4efdb06f44a8fa3086e3",
    "isedit": "1",
    "isscale": "0",
    "ismorelocation": "0",
    "realTableColumn": "71c9fe3f0b2c4efdb06f44a8fa3086e3",
    "workspace_id": "1",
    "update_time": "1561801655897",
    "ui_type": "14",
    "field_order": 18,
    "update_user_id": "24711",
    "isNameShow": "false",
    "create_user_id": "24711",
    "formitem_group_id": "4e4beda43ad94c17807072679d6e8eeb",
    "isonly": "0",
    "isallowfile": "0",
    "create_time": "1561628401453",
    "company_id": "547",
    "isrequired": "0",
    "iscurrentuser": "0",
    "version": "1.0.12",
    "ismultiple": "0",
    "isalbum": "0",
    "issync_to_sysdic": "0",
    "name": "附件",
    "isadjust": "0",
    "isallowphoto": "1",
    "template_id": "2417c825e036424e9be94867ab7a2ccd",
    "_id": "71c9fe3f0b2c4efdb06f44a8fa3086e3",
    "position": "top",
    "isautolevy": "0",
    "status": 0,
    "islevyallowedit": "0"
  }, {
    "isvisible": "1",
    "code": "8c386d289c704091859fe4a888292a8f",
    "isedit": "1",
    "isscale": "0",
    "ismorelocation": "0",
    "realTableColumn": "8c386d289c704091859fe4a888292a8f",
    "workspace_id": "1",
    "update_time": "1561801655897",
    "ui_type": "04",
    "field_order": 18,
    "update_user_id": "1047",
    "isNameShow": "true",
    "create_user_id": "1047",
    "formitem_group_id": "f31c7bb766224746ba8d533b5032ae2c",
    "isonly": "0",
    "isallowfile": "0",
    "create_time": "1561603068640",
    "company_id": "547",
    "isrequired": "0",
    "iscurrentuser": "0",
    "version": "1.0.12",
    "ismultiple": "0",
    "isalbum": "0",
    "issync_to_sysdic": "0",
    "name": "其他项1是否存在问题",
    "isadjust": "0",
    "isallowphoto": "0",
    "template_id": "2417c825e036424e9be94867ab7a2ccd",
    "_id": "8c386d289c704091859fe4a888292a8f",
    "position": "left",
    "isautolevy": "0",
    "status": 0,
    "islevyallowedit": "0"
  }, {
    "isvisible": "1",
    "code": "809bc4f187454275bc14f74b5ce8769d",
    "isedit": "1",
    "isscale": "0",
    "ismorelocation": "0",
    "realTableColumn": "809bc4f187454275bc14f74b5ce8769d",
    "workspace_id": "1",
    "update_time": "1561801655897",
    "ui_type": "02",
    "field_order": 19,
    "update_user_id": "1047",
    "isNameShow": "false",
    "create_user_id": "1047",
    "formitem_group_id": "f31c7bb766224746ba8d533b5032ae2c",
    "isonly": "0",
    "isallowfile": "0",
    "create_time": "1561603068640",
    "company_id": "547",
    "isrequired": "0",
    "defaultvalue": "{\"value\":\"\"}",
    "iscurrentuser": "0",
    "version": "1.0.12",
    "ismultiple": "0",
    "isalbum": "0",
    "issync_to_sysdic": "0",
    "name": "备注",
    "isadjust": "0",
    "isallowphoto": "0",
    "template_id": "2417c825e036424e9be94867ab7a2ccd",
    "_id": "809bc4f187454275bc14f74b5ce8769d",
    "position": "top",
    "isautolevy": "0",
    "status": 0,
    "islevyallowedit": "0"
  }, {
    "isvisible": "1",
    "code": "94b7a68924424c44b90c65548d7a8ba0",
    "isedit": "1",
    "isscale": "0",
    "ismorelocation": "0",
    "realTableColumn": "94b7a68924424c44b90c65548d7a8ba0",
    "workspace_id": "1",
    "update_time": "1561801655897",
    "ui_type": "14",
    "field_order": 19,
    "update_user_id": "1047",
    "isNameShow": "false",
    "create_user_id": "1047",
    "formitem_group_id": "08330b440a4a4aeca8031f34b286b3b1",
    "isonly": "0",
    "isallowfile": "0",
    "create_time": "1561514672652",
    "company_id": "547",
    "isrequired": "0",
    "iscurrentuser": "0",
    "version": "1.0.12",
    "ismultiple": "0",
    "isalbum": "0",
    "issync_to_sysdic": "0",
    "name": "附件",
    "isadjust": "0",
    "isallowphoto": "1",
    "template_id": "2417c825e036424e9be94867ab7a2ccd",
    "_id": "94b7a68924424c44b90c65548d7a8ba0",
    "position": "top",
    "isautolevy": "0",
    "status": 0,
    "islevyallowedit": "0"
  }, {
    "isvisible": "1",
    "code": "d2bd2159875a40a29c9b44a87ee849be",
    "isedit": "1",
    "isscale": "0",
    "ismorelocation": "0",
    "realTableColumn": "d2bd2159875a40a29c9b44a87ee849be",
    "workspace_id": "1",
    "update_time": "1561801655897",
    "ui_type": "14",
    "field_order": 20,
    "update_user_id": "1047",
    "isNameShow": "false",
    "create_user_id": "1047",
    "formitem_group_id": "f31c7bb766224746ba8d533b5032ae2c",
    "isonly": "0",
    "isallowfile": "0",
    "create_time": "1561603068641",
    "company_id": "547",
    "isrequired": "0",
    "iscurrentuser": "0",
    "version": "1.0.12",
    "ismultiple": "0",
    "isalbum": "0",
    "issync_to_sysdic": "0",
    "name": "附件",
    "isadjust": "0",
    "isallowphoto": "1",
    "template_id": "2417c825e036424e9be94867ab7a2ccd",
    "_id": "d2bd2159875a40a29c9b44a87ee849be",
    "position": "top",
    "isautolevy": "0",
    "status": 0,
    "islevyallowedit": "0"
  }],
  "alarmField": ["47cd87989e0e4d8bbeac61bc966ba0c0", "97c9f520346f411abd30caaa60a98c4d", "3d5f99bd400642a9b6fb807bf99acc1f", "a28a5d4b26844d1e8e49c9c8a7ce1f79", "f7766ccde32643ef80d5faffc111a367", "cf46280264984076b5054f383844108a", "985853bf6668497c8775444e3cb6d5ab", "273300d5333d4c2fa2bcf59522308db9", "b2705397fdd7408d8f17b7b329b52f3f", "129422d93e724063a018c51ffdf47e68", "58ca95561a6243bc8e9f4071866ed87a"],
  "status": 0
}